cell_i,cell_j,ho_intensity
C0001,C0002,0.2906
C0001,C0003,0.2704
C0001,C0004,0.6146
C0001,C0005,0.3251
C0001,C0006,0.4238
C0001,C0007,0.0797
C0001,C0008,0.0193
C0001,C0009,0.0
C0001,C0010,0.1017
C0001,C0011,0.0
C0001,C0012,0.0728
C0001,C0013,0.0004
C0001,C0014,0.0
C0001,C0015,0.0
C0001,C0016,0.0
C0001,C0017,0.0
C0001,C0018,0.0
C0001,C0019,0.0624
C0001,C0020,0.0329
C0001,C0021,0.0267
C0001,C0022,0.0
C0001,C0023,0.0559
C0001,C0024,0.0
C0001,C0025,0.0349
C0001,C0026,0.0
C0001,C0027,0.0154
C0001,C0028,0.0047
C0001,C0029,0.0
C0001,C0030,0.067
C0001,C0031,0.0314
C0001,C0032,0.0364
C0001,C0033,0.0
C0001,C0034,0.054
C0001,C0035,0.0357
C0001,C0036,0.0576
C0001,C0037,0.0817
C0001,C0038,0.0
C0001,C0039,0.0521
C0001,C0040,0.0298
C0001,C0041,0.0265
C0001,C0042,0.0
C0001,C0043,0.0695
C0001,C0044,0.0022
C0001,C0045,0.0434
C0001,C0046,0.0676
C0001,C0047,0.1253
C0001,C0048,0.1188
C0001,C0049,0.0264
C0001,C0050,0.0
C0001,C0051,0.0558
C0001,C0052,0.0
C0001,C0053,0.0273
C0001,C0054,0.0067
C0001,C0055,0.1069
C0001,C0056,0.0
C0001,C0057,0.0
C0001,C0058,0.0161
C0001,C0059,0.0703
C0001,C0060,0.0408
C0002,C0003,0.3185
C0002,C0004,0.4054
C0002,C0005,0.5148
C0002,C0006,0.4273
C0002,C0007,0.1351
C0002,C0008,0.0173
C0002,C0009,0.0349
C0002,C0010,0.1855
C0002,C0011,0.0414
C0002,C0012,0.1838
C0002,C0013,0.0
C0002,C0014,0.0
C0002,C0015,0.0931
C0002,C0016,0.0034
C0002,C0017,0.1092
C0002,C0018,0.0
C0002,C0019,0.0
C0002,C0020,0.0
C0002,C0021,0.0386
C0002,C0022,0.0
C0002,C0023,0.0
C0002,C0024,0.0
C0002,C0025,0.0
C0002,C0026,0.0064
C0002,C0027,0.0418
C0002,C0028,0.0
C0002,C0029,0.0229
C0002,C0030,0.0308
C0002,C0031,0.0537
C0002,C0032,0.0578
C0002,C0033,0.0
C0002,C0034,0.0384
C0002,C0035,0.0
C0002,C0036,0.0318
C0002,C0037,0.0561
C0002,C0038,0.0709
C0002,C0039,0.0241
C0002,C0040,0.1147
C0002,C0041,0.0207
C0002,C0042,0.0454
C0002,C0043,0.116
C0002,C0044,0.0422
C0002,C0045,0.0199
C0002,C0046,0.067
C0002,C0047,0.067
C0002,C0048,0.0729
C0002,C0049,0.0853
C0002,C0050,0.0709
C0002,C0051,0.0206
C0002,C0052,0.0
C0002,C0053,0.0489
C0002,C0054,0.0028
C0002,C0055,0.0873
C0002,C0056,0.0
C0002,C0057,0.0249
C0002,C0058,0.0488
C0002,C0059,0.0
C0002,C0060,0.03
C0003,C0004,0.4286
C0003,C0005,0.351
C0003,C0006,0.2677
C0003,C0007,0.0188
C0003,C0008,0.0061
C0003,C0009,0.0055
C0003,C0010,0.0
C0003,C0011,0.0352
C0003,C0012,0.0054
C0003,C0013,0.0
C0003,C0014,0.0073
C0003,C0015,0.0928
C0003,C0016,0.057
C0003,C0017,0.0928
C0003,C0018,0.065
C0003,C0019,0.0
C0003,C0020,0.0
C0003,C0021,0.0
C0003,C0022,0.0
C0003,C0023,0.0045
C0003,C0024,0.0
C0003,C0025,0.0187
C0003,C0026,0.0
C0003,C0027,0.0
C0003,C0028,0.0516
C0003,C0029,0.0147
C0003,C0030,0.0359
C0003,C0031,0.0
C0003,C0032,0.0
C0003,C0033,0.0
C0003,C0034,0.0617
C0003,C0035,0.0277
C0003,C0036,0.0
C0003,C0037,0.0
C0003,C0038,0.0
C0003,C0039,0.0354
C0003,C0040,0.0396
C0003,C0041,0.0579
C0003,C0042,0.0451
C0003,C0043,0.0
C0003,C0044,0.0154
C0003,C0045,0.0054
C0003,C0046,0.0
C0003,C0047,0.0
C0003,C0048,0.0363
C0003,C0049,0.0545
C0003,C0050,0.043
C0003,C0051,0.0
C0003,C0052,0.1029
C0003,C0053,0.0
C0003,C0054,0.0614
C0003,C0055,0.0284
C0003,C0056,0.0
C0003,C0057,0.0
C0003,C0058,0.0629
C0003,C0059,0.0022
C0003,C0060,0.0026
C0004,C0005,0.4086
C0004,C0006,0.4066
C0004,C0007,0.057
C0004,C0008,0.0
C0004,C0009,0.0199
C0004,C0010,0.0672
C0004,C0011,0.0925
C0004,C0012,0.1321
C0004,C0013,0.0139
C0004,C0014,0.0674
C0004,C0015,0.0
C0004,C0016,0.0
C0004,C0017,0.0377
C0004,C0018,0.0
C0004,C0019,0.0
C0004,C0020,0.0838
C0004,C0021,0.0
C0004,C0022,0.0
C0004,C0023,0.0576
C0004,C0024,0.0
C0004,C0025,0.0
C0004,C0026,0.0144
C0004,C0027,0.0515
C0004,C0028,0.0889
C0004,C0029,0.0
C0004,C0030,0.0
C0004,C0031,0.0484
C0004,C0032,0.0
C0004,C0033,0.0
C0004,C0034,0.0
C0004,C0035,0.0
C0004,C0036,0.0
C0004,C0037,0.1192
C0004,C0038,0.0
C0004,C0039,0.0
C0004,C0040,0.045
C0004,C0041,0.0056
C0004,C0042,0.0637
C0004,C0043,0.0538
C0004,C0044,0.0359
C0004,C0045,0.0701
C0004,C0046,0.0826
C0004,C0047,0.0
C0004,C0048,0.0786
C0004,C0049,0.0227
C0004,C0050,0.0
C0004,C0051,0.0592
C0004,C0052,0.1322
C0004,C0053,0.0
C0004,C0054,0.103
C0004,C0055,0.0
C0004,C0056,0.0
C0004,C0057,0.04
C0004,C0058,0.0837
C0004,C0059,0.0
C0004,C0060,0.0292
C0005,C0006,0.4253
C0005,C0007,0.0567
C0005,C0008,0.1266
C0005,C0009,0.0052
C0005,C0010,0.012
C0005,C0011,0.0524
C0005,C0012,0.0918
C0005,C0013,0.0128
C0005,C0014,0.0451
C0005,C0015,0.0794
C0005,C0016,0.0
C0005,C0017,0.0208
C0005,C0018,0.0281
C0005,C0019,0.0
C0005,C0020,0.0
C0005,C0021,0.0123
C0005,C0022,0.0
C0005,C0023,0.0
C0005,C0024,0.0
C0005,C0025,0.0
C0005,C0026,0.0478
C0005,C0027,0.0
C0005,C0028,0.071
C0005,C0029,0.0
C0005,C0030,0.0163
C0005,C0031,0.059
C0005,C0032,0.0
C0005,C0033,0.0442
C0005,C0034,0.0198
C0005,C0035,0.0622
C0005,C0036,0.0565
C0005,C0037,0.0004
C0005,C0038,0.0
C0005,C0039,0.017
C0005,C0040,0.0175
C0005,C0041,0.0
C0005,C0042,0.0057
C0005,C0043,0.0
C0005,C0044,0.025
C0005,C0045,0.0259
C0005,C0046,0.1102
C0005,C0047,0.0842
C0005,C0048,0.0387
C0005,C0049,0.07
C0005,C0050,0.0107
C0005,C0051,0.0
C0005,C0052,0.0287
C0005,C0053,0.0053
C0005,C0054,0.082
C0005,C0055,0.0208
C0005,C0056,0.0233
C0005,C0057,0.0
C0005,C0058,0.0797
C0005,C0059,0.0542
C0005,C0060,0.0874
C0006,C0007,0.158
C0006,C0008,0.0
C0006,C0009,0.0
C0006,C0010,0.1042
C0006,C0011,0.0246
C0006,C0012,0.0701
C0006,C0013,0.1077
C0006,C0014,0.0
C0006,C0015,0.0532
C0006,C0016,0.0925
C0006,C0017,0.0
C0006,C0018,0.0
C0006,C0019,0.0104
C0006,C0020,0.0
C0006,C0021,0.0626
C0006,C0022,0.0
C0006,C0023,0.0821
C0006,C0024,0.0744
C0006,C0025,0.0569
C0006,C0026,0.0293
C0006,C0027,0.0
C0006,C0028,0.0289
C0006,C0029,0.0138
C0006,C0030,0.0659
C0006,C0031,0.0
C0006,C0032,0.0282
C0006,C0033,0.0836
C0006,C0034,0.0
C0006,C0035,0.0
C0006,C0036,0.0018
C0006,C0037,0.0423
C0006,C0038,0.0372
C0006,C0039,0.0
C0006,C0040,0.0489
C0006,C0041,0.0602
C0006,C0042,0.0
C0006,C0043,0.0107
C0006,C0044,0.0631
C0006,C0045,0.1517
C0006,C0046,0.0714
C0006,C0047,0.1802
C0006,C0048,0.1721
C0006,C0049,0.0
C0006,C0050,0.0
C0006,C0051,0.0231
C0006,C0052,0.0068
C0006,C0053,0.0
C0006,C0054,0.0357
C0006,C0055,0.0
C0006,C0056,0.0
C0006,C0057,0.0
C0006,C0058,0.0873
C0006,C0059,0.0377
C0006,C0060,0.015
C0007,C0008,0.3795
C0007,C0009,0.2506
C0007,C0010,0.5889
C0007,C0011,0.3413
C0007,C0012,0.2341
C0007,C0013,0.0715
C0007,C0014,0.1388
C0007,C0015,0.0612
C0007,C0016,0.0116
C0007,C0017,0.0
C0007,C0018,0.0
C0007,C0019,0.0214
C0007,C0020,0.0
C0007,C0021,0.1059
C0007,C0022,0.1485
C0007,C0023,0.1328
C0007,C0024,0.0244
C0007,C0025,0.0687
C0007,C0026,0.0602
C0007,C0027,0.0301
C0007,C0028,0.0013
C0007,C0029,0.0447
C0007,C0030,0.0
C0007,C0031,0.0499
C0007,C0032,0.0
C0007,C0033,0.1314
C0007,C0034,0.0359
C0007,C0035,0.1036
C0007,C0036,0.049
C0007,C0037,0.0
C0007,C0038,0.0
C0007,C0039,0.0
C0007,C0040,0.0501
C0007,C0041,0.1207
C0007,C0042,0.003
C0007,C0043,0.0
C0007,C0044,0.1767
C0007,C0045,0.2328
C0007,C0046,0.2467
C0007,C0047,0.5855
C0007,C0048,0.5922
C0007,C0049,0.2357
C0007,C0050,0.0707
C0007,C0051,0.0151
C0007,C0052,0.0
C0007,C0053,0.0337
C0007,C0054,0.0067
C0007,C0055,0.0521
C0007,C0056,0.0759
C0007,C0057,0.0401
C0007,C0058,0.0231
C0007,C0059,0.0969
C0007,C0060,0.1351
C0008,C0009,0.5019
C0008,C0010,0.5525
C0008,C0011,0.4656
C0008,C0012,0.3495
C0008,C0013,0.0255
C0008,C0014,0.0367
C0008,C0015,0.0922
C0008,C0016,0.0453
C0008,C0017,0.0
C0008,C0018,0.0
C0008,C0019,0.0
C0008,C0020,0.0814
C0008,C0021,0.0167
C0008,C0022,0.1469
C0008,C0023,0.0252
C0008,C0024,0.0809
C0008,C0025,0.1115
C0008,C0026,0.0521
C0008,C0027,0.022
C0008,C0028,0.0665
C0008,C0029,0.0985
C0008,C0030,0.008
C0008,C0031,0.0
C0008,C0032,0.0184
C0008,C0033,0.0
C0008,C0034,0.1021
C0008,C0035,0.0
C0008,C0036,0.0
C0008,C0037,0.002
C0008,C0038,0.0
C0008,C0039,0.0
C0008,C0040,0.0626
C0008,C0041,0.0465
C0008,C0042,0.0
C0008,C0043,0.0043
C0008,C0044,0.0
C0008,C0045,0.2392
C0008,C0046,0.0774
C0008,C0047,0.2927
C0008,C0048,0.1996
C0008,C0049,0.0699
C0008,C0050,0.0003
C0008,C0051,0.0
C0008,C0052,0.0014
C0008,C0053,0.0241
C0008,C0054,0.0
C0008,C0055,0.0
C0008,C0056,0.0
C0008,C0057,0.1031
C0008,C0058,0.0869
C0008,C0059,0.0342
C0008,C0060,0.0019
C0009,C0010,0.2221
C0009,C0011,0.2235
C0009,C0012,0.3509
C0009,C0013,0.2343
C0009,C0014,0.0836
C0009,C0015,0.0838
C0009,C0016,0.0905
C0009,C0017,0.0
C0009,C0018,0.0
C0009,C0019,0.0376
C0009,C0020,0.0623
C0009,C0021,0.1325
C0009,C0022,0.026
C0009,C0023,0.123
C0009,C0024,0.1954
C0009,C0025,0.1495
C0009,C0026,0.1455
C0009,C0027,0.0
C0009,C0028,0.0
C0009,C0029,0.0
C0009,C0030,0.0
C0009,C0031,0.0
C0009,C0032,0.0
C0009,C0033,0.0391
C0009,C0034,0.084
C0009,C0035,0.0
C0009,C0036,0.0
C0009,C0037,0.0235
C0009,C0038,0.0
C0009,C0039,0.0077
C0009,C0040,0.1771
C0009,C0041,0.1179
C0009,C0042,0.076
C0009,C0043,0.0065
C0009,C0044,0.0876
C0009,C0045,0.1874
C0009,C0046,0.1777
C0009,C0047,0.1066
C0009,C0048,0.2689
C0009,C0049,0.1163
C0009,C0050,0.0
C0009,C0051,0.0
C0009,C0052,0.0698
C0009,C0053,0.0
C0009,C0054,0.0544
C0009,C0055,0.0
C0009,C0056,0.0968
C0009,C0057,0.0152
C0009,C0058,0.1084
C0009,C0059,0.0315
C0009,C0060,0.1001
C0010,C0011,0.7092
C0010,C0012,0.384
C0010,C0013,0.0439
C0010,C0014,0.0246
C0010,C0015,0.0294
C0010,C0016,0.1078
C0010,C0017,0.084
C0010,C0018,0.0
C0010,C0019,0.013
C0010,C0020,0.0
C0010,C0021,0.1247
C0010,C0022,0.1335
C0010,C0023,0.0
C0010,C0024,0.1523
C0010,C0025,0.0994
C0010,C0026,0.1021
C0010,C0027,0.0
C0010,C0028,0.1
C0010,C0029,0.0503
C0010,C0030,0.0192
C0010,C0031,0.0507
C0010,C0032,0.0031
C0010,C0033,0.0641
C0010,C0034,0.1274
C0010,C0035,0.0014
C0010,C0036,0.0
C0010,C0037,0.0
C0010,C0038,0.0
C0010,C0039,0.0
C0010,C0040,0.0722
C0010,C0041,0.1096
C0010,C0042,0.0771
C0010,C0043,0.0519
C0010,C0044,0.0221
C0010,C0045,0.2052
C0010,C0046,0.1352
C0010,C0047,0.1947
C0010,C0048,0.3083
C0010,C0049,0.1534
C0010,C0050,0.0878
C0010,C0051,0.0218
C0010,C0052,0.0214
C0010,C0053,0.0697
C0010,C0054,0.0
C0010,C0055,0.0
C0010,C0056,0.0344
C0010,C0057,0.0
C0010,C0058,0.0634
C0010,C0059,0.0
C0010,C0060,0.0615
C0011,C0012,0.5027
C0011,C0013,0.0
C0011,C0014,0.0754
C0011,C0015,0.0214
C0011,C0016,0.1017
C0011,C0017,0.0336
C0011,C0018,0.0
C0011,C0019,0.0496
C0011,C0020,0.0
C0011,C0021,0.1397
C0011,C0022,0.0807
C0011,C0023,0.074
C0011,C0024,0.0665
C0011,C0025,0.0943
C0011,C0026,0.1957
C0011,C0027,0.1113
C0011,C0028,0.0219
C0011,C0029,0.0279
C0011,C0030,0.0
C0011,C0031,0.0
C0011,C0032,0.0738
C0011,C0033,0.0613
C0011,C0034,0.0
C0011,C0035,0.0931
C0011,C0036,0.0
C0011,C0037,0.0365
C0011,C0038,0.0
C0011,C0039,0.0401
C0011,C0040,0.1262
C0011,C0041,0.1247
C0011,C0042,0.0356
C0011,C0043,0.1046
C0011,C0044,0.0977
C0011,C0045,0.2046
C0011,C0046,0.1097
C0011,C0047,0.23
C0011,C0048,0.3356
C0011,C0049,0.1887
C0011,C0050,0.0
C0011,C0051,0.0
C0011,C0052,0.0
C0011,C0053,0.0274
C0011,C0054,0.0
C0011,C0055,0.0074
C0011,C0056,0.034
C0011,C0057,0.0923
C0011,C0058,0.2113
C0011,C0059,0.0657
C0011,C0060,0.0399
C0012,C0013,0.0855
C0012,C0014,0.0486
C0012,C0015,0.2498
C0012,C0016,0.0379
C0012,C0017,0.0329
C0012,C0018,0.0
C0012,C0019,0.0
C0012,C0020,0.0403
C0012,C0021,0.0553
C0012,C0022,0.0687
C0012,C0023,0.1136
C0012,C0024,0.1825
C0012,C0025,0.2151
C0012,C0026,0.1544
C0012,C0027,0.0075
C0012,C0028,0.0184
C0012,C0029,0.0153
C0012,C0030,0.0
C0012,C0031,0.0675
C0012,C0032,0.0456
C0012,C0033,0.0388
C0012,C0034,0.0815
C0012,C0035,0.0424
C0012,C0036,0.0363
C0012,C0037,0.0067
C0012,C0038,0.0
C0012,C0039,0.0
C0012,C0040,0.1523
C0012,C0041,0.0638
C0012,C0042,0.1869
C0012,C0043,0.038
C0012,C0044,0.0813
C0012,C0045,0.2302
C0012,C0046,0.0
C0012,C0047,0.1571
C0012,C0048,0.2272
C0012,C0049,0.0985
C0012,C0050,0.0
C0012,C0051,0.0
C0012,C0052,0.0436
C0012,C0053,0.0
C0012,C0054,0.0
C0012,C0055,0.1113
C0012,C0056,0.104
C0012,C0057,0.0276
C0012,C0058,0.1887
C0012,C0059,0.0949
C0012,C0060,0.1772
C0013,C0014,0.464
C0013,C0015,0.3297
C0013,C0016,0.587
C0013,C0017,0.0485
C0013,C0018,0.0351
C0013,C0019,0.0
C0013,C0020,0.0806
C0013,C0021,0.4958
C0013,C0022,0.6279
C0013,C0023,0.2909
C0013,C0024,0.3161
C0013,C0025,0.5104
C0013,C0026,0.4699
C0013,C0027,0.0
C0013,C0028,0.0551
C0013,C0029,0.0805
C0013,C0030,0.1116
C0013,C0031,0.048
C0013,C0032,0.0849
C0013,C0033,0.1448
C0013,C0034,0.1175
C0013,C0035,0.0
C0013,C0036,0.0591
C0013,C0037,0.0
C0013,C0038,0.0663
C0013,C0039,0.0991
C0013,C0040,0.0117
C0013,C0041,0.1126
C0013,C0042,0.0869
C0013,C0043,0.1531
C0013,C0044,0.0
C0013,C0045,0.0
C0013,C0046,0.1335
C0013,C0047,0.0
C0013,C0048,0.0398
C0013,C0049,0.0877
C0013,C0050,0.0438
C0013,C0051,0.0
C0013,C0052,0.0075
C0013,C0053,0.029
C0013,C0054,0.0731
C0013,C0055,0.0716
C0013,C0056,0.0005
C0013,C0057,0.1102
C0013,C0058,0.2171
C0013,C0059,0.1646
C0013,C0060,0.0552
C0014,C0015,0.5244
C0014,C0016,0.565
C0014,C0017,0.1635
C0014,C0018,0.1124
C0014,C0019,0.0583
C0014,C0020,0.0631
C0014,C0021,0.6372
C0014,C0022,0.5196
C0014,C0023,0.7129
C0014,C0024,0.342
C0014,C0025,0.3365
C0014,C0026,0.2566
C0014,C0027,0.0313
C0014,C0028,0.0965
C0014,C0029,0.0109
C0014,C0030,0.0
C0014,C0031,0.1035
C0014,C0032,0.0667
C0014,C0033,0.1041
C0014,C0034,0.079
C0014,C0035,0.0
C0014,C0036,0.0
C0014,C0037,0.0418
C0014,C0038,0.039
C0014,C0039,0.0
C0014,C0040,0.1017
C0014,C0041,0.2788
C0014,C0042,0.1134
C0014,C0043,0.2215
C0014,C0044,0.0
C0014,C0045,0.0
C0014,C0046,0.0232
C0014,C0047,0.0542
C0014,C0048,0.001
C0014,C0049,0.0178
C0014,C0050,0.0584
C0014,C0051,0.0
C0014,C0052,0.0
C0014,C0053,0.0393
C0014,C0054,0.0656
C0014,C0055,0.1012
C0014,C0056,0.0842
C0014,C0057,0.1456
C0014,C0058,0.2518
C0014,C0059,0.0812
C0014,C0060,0.0745
C0015,C0016,0.2558
C0015,C0017,0.0533
C0015,C0018,0.0734
C0015,C0019,0.1059
C0015,C0020,0.0
C0015,C0021,0.7772
C0015,C0022,0.3495
C0015,C0023,0.8046
C0015,C0024,0.5469
C0015,C0025,0.3187
C0015,C0026,0.3809
C0015,C0027,0.0276
C0015,C0028,0.1412
C0015,C0029,0.0382
C0015,C0030,0.1295
C0015,C0031,0.1
C0015,C0032,0.2288
C0015,C0033,0.1784
C0015,C0034,0.1571
C0015,C0035,0.0245
C0015,C0036,0.0
C0015,C0037,0.0824
C0015,C0038,0.0519
C0015,C0039,0.0
C0015,C0040,0.1092
C0015,C0041,0.4139
C0015,C0042,0.3179
C0015,C0043,0.212
C0015,C0044,0.0
C0015,C0045,0.0125
C0015,C0046,0.0341
C0015,C0047,0.0385
C0015,C0048,0.0948
C0015,C0049,0.023
C0015,C0050,0.0
C0015,C0051,0.0059
C0015,C0052,0.0
C0015,C0053,0.0
C0015,C0054,0.1643
C0015,C0055,0.1855
C0015,C0056,0.1592
C0015,C0057,0.2087
C0015,C0058,0.2957
C0015,C0059,0.1586
C0015,C0060,0.0563
C0016,C0017,0.0124
C0016,C0018,0.0823
C0016,C0019,0.1247
C0016,C0020,0.0325
C0016,C0021,0.3831
C0016,C0022,0.4518
C0016,C0023,0.5382
C0016,C0024,0.3088
C0016,C0025,0.3194
C0016,C0026,0.2642
C0016,C0027,0.1338
C0016,C0028,0.0959
C0016,C0029,0.06
C0016,C0030,0.0
C0016,C0031,0.0655
C0016,C0032,0.0644
C0016,C0033,0.1009
C0016,C0034,0.0244
C0016,C0035,0.0137
C0016,C0036,0.0393
C0016,C0037,0.0879
C0016,C0038,0.0
C0016,C0039,0.0
C0016,C0040,0.0688
C0016,C0041,0.092
C0016,C0042,0.1057
C0016,C0043,0.1179
C0016,C0044,0.0
C0016,C0045,0.0944
C0016,C0046,0.0238
C0016,C0047,0.053
C0016,C0048,0.0598
C0016,C0049,0.0
C0016,C0050,0.0
C0016,C0051,0.0
C0016,C0052,0.0
C0016,C0053,0.0465
C0016,C0054,0.0907
C0016,C0055,0.1234
C0016,C0056,0.1112
C0016,C0057,0.0199
C0016,C0058,0.1609
C0016,C0059,0.0985
C0016,C0060,0.0974
C0017,C0018,0.3683
C0017,C0019,0.5268
C0017,C0020,0.5625
C0017,C0021,0.0606
C0017,C0022,0.0293
C0017,C0023,0.051
C0017,C0024,0.0237
C0017,C0025,0.1189
C0017,C0026,0.0855
C0017,C0027,0.301
C0017,C0028,0.3732
C0017,C0029,0.4288
C0017,C0030,0.0984
C0017,C0031,0.0549
C0017,C0032,0.1927
C0017,C0033,0.3276
C0017,C0034,0.0795
C0017,C0035,0.0
C0017,C0036,0.0482
C0017,C0037,0.0
C0017,C0038,0.0
C0017,C0039,0.0236
C0017,C0040,0.0
C0017,C0041,0.1002
C0017,C0042,0.0939
C0017,C0043,0.1731
C0017,C0044,0.0
C0017,C0045,0.0
C0017,C0046,0.0671
C0017,C0047,0.1495
C0017,C0048,0.008
C0017,C0049,0.0712
C0017,C0050,0.0464
C0017,C0051,0.0
C0017,C0052,0.0
C0017,C0053,0.0216
C0017,C0054,0.265
C0017,C0055,0.2882
C0017,C0056,0.3084
C0017,C0057,0.0459
C0017,C0058,0.0713
C0017,C0059,0.0444
C0017,C0060,0.0649
C0018,C0019,0.3411
C0018,C0020,0.3929
C0018,C0021,0.0914
C0018,C0022,0.0
C0018,C0023,0.056
C0018,C0024,0.0691
C0018,C0025,0.0367
C0018,C0026,0.0
C0018,C0027,0.2304
C0018,C0028,0.1854
C0018,C0029,0.5618
C0018,C0030,0.1519
C0018,C0031,0.0454
C0018,C0032,0.0333
C0018,C0033,0.0054
C0018,C0034,0.0763
C0018,C0035,0.0651
C0018,C0036,0.0459
C0018,C0037,0.1521
C0018,C0038,0.1089
C0018,C0039,0.1028
C0018,C0040,0.0033
C0018,C0041,0.1004
C0018,C0042,0.0
C0018,C0043,0.0695
C0018,C0044,0.0
C0018,C0045,0.0
C0018,C0046,0.0
C0018,C0047,0.1251
C0018,C0048,0.0
C0018,C0049,0.0
C0018,C0050,0.0046
C0018,C0051,0.0602
C0018,C0052,0.0574
C0018,C0053,0.0
C0018,C0054,0.0936
C0018,C0055,0.1013
C0018,C0056,0.144
C0018,C0057,0.0193
C0018,C0058,0.0
C0018,C0059,0.0
C0018,C0060,0.0487
C0019,C0020,0.4721
C0019,C0021,0.0377
C0019,C0022,0.0855
C0019,C0023,0.0251
C0019,C0024,0.0344
C0019,C0025,0.0194
C0019,C0026,0.0
C0019,C0027,0.2117
C0019,C0028,0.307
C0019,C0029,0.5429
C0019,C0030,0.1559
C0019,C0031,0.1689
C0019,C0032,0.1988
C0019,C0033,0.2971
C0019,C0034,0.0377
C0019,C0035,0.0725
C0019,C0036,0.0127
C0019,C0037,0.0386
C0019,C0038,0.0
C0019,C0039,0.0
C0019,C0040,0.0
C0019,C0041,0.1164
C0019,C0042,0.0826
C0019,C0043,0.1293
C0019,C0044,0.0254
C0019,C0045,0.0217
C0019,C0046,0.0027
C0019,C0047,0.0798
C0019,C0048,0.1145
C0019,C0049,0.0332
C0019,C0050,0.0
C0019,C0051,0.0231
C0019,C0052,0.0001
C0019,C0053,0.0
C0019,C0054,0.2107
C0019,C0055,0.411
C0019,C0056,0.3705
C0019,C0057,0.2438
C0019,C0058,0.0761
C0019,C0059,0.0335
C0019,C0060,0.0
C0020,C0021,0.0042
C0020,C0022,0.0
C0020,C0023,0.0162
C0020,C0024,0.0249
C0020,C0025,0.0337
C0020,C0026,0.0
C0020,C0027,0.252
C0020,C0028,0.2977
C0020,C0029,0.4014
C0020,C0030,0.2381
C0020,C0031,0.1703
C0020,C0032,0.1752
C0020,C0033,0.2996
C0020,C0034,0.1813
C0020,C0035,0.0425
C0020,C0036,0.0743
C0020,C0037,0.0232
C0020,C0038,0.0579
C0020,C0039,0.0
C0020,C0040,0.1065
C0020,C0041,0.0268
C0020,C0042,0.1296
C0020,C0043,0.1502
C0020,C0044,0.0
C0020,C0045,0.0612
C0020,C0046,0.0
C0020,C0047,0.0192
C0020,C0048,0.029
C0020,C0049,0.0473
C0020,C0050,0.0224
C0020,C0051,0.0449
C0020,C0052,0.0523
C0020,C0053,0.0
C0020,C0054,0.2233
C0020,C0055,0.3125
C0020,C0056,0.3558
C0020,C0057,0.1221
C0020,C0058,0.0527
C0020,C0059,0.0896
C0020,C0060,0.0326
C0021,C0022,0.3073
C0021,C0023,0.5734
C0021,C0024,0.5778
C0021,C0025,0.5011
C0021,C0026,0.3598
C0021,C0027,0.0249
C0021,C0028,0.0
C0021,C0029,0.0584
C0021,C0030,0.0816
C0021,C0031,0.0521
C0021,C0032,0.1216
C0021,C0033,0.1328
C0021,C0034,0.1133
C0021,C0035,0.0107
C0021,C0036,0.0172
C0021,C0037,0.0
C0021,C0038,0.0293
C0021,C0039,0.0731
C0021,C0040,0.2013
C0021,C0041,0.138
C0021,C0042,0.2215
C0021,C0043,0.221
C0021,C0044,0.0534
C0021,C0045,0.0028
C0021,C0046,0.0703
C0021,C0047,0.1018
C0021,C0048,0.044
C0021,C0049,0.0
C0021,C0050,0.0629
C0021,C0051,0.0
C0021,C0052,0.0072
C0021,C0053,0.0
C0021,C0054,0.199
C0021,C0055,0.1841
C0021,C0056,0.1351
C0021,C0057,0.2254
C0021,C0058,0.2939
C0021,C0059,0.2334
C0021,C0060,0.063
C0022,C0023,0.4392
C0022,C0024,0.3173
C0022,C0025,0.6143
C0022,C0026,0.4687
C0022,C0027,0.0619
C0022,C0028,0.0193
C0022,C0029,0.0057
C0022,C0030,0.0
C0022,C0031,0.0
C0022,C0032,0.0753
C0022,C0033,0.1309
C0022,C0034,0.1787
C0022,C0035,0.0148
C0022,C0036,0.0506
C0022,C0037,0.0
C0022,C0038,0.0722
C0022,C0039,0.0085
C0022,C0040,0.1174
C0022,C0041,0.2898
C0022,C0042,0.1686
C0022,C0043,0.1324
C0022,C0044,0.0395
C0022,C0045,0.0046
C0022,C0046,0.1081
C0022,C0047,0.0649
C0022,C0048,0.0676
C0022,C0049,0.0056
C0022,C0050,0.0413
C0022,C0051,0.0
C0022,C0052,0.1256
C0022,C0053,0.0
C0022,C0054,0.1753
C0022,C0055,0.129
C0022,C0056,0.1307
C0022,C0057,0.0583
C0022,C0058,0.2906
C0022,C0059,0.0274
C0022,C0060,0.007
C0023,C0024,0.4439
C0023,C0025,0.1747
C0023,C0026,0.3835
C0023,C0027,0.0627
C0023,C0028,0.0975
C0023,C0029,0.0312
C0023,C0030,0.0
C0023,C0031,0.0211
C0023,C0032,0.1219
C0023,C0033,0.2042
C0023,C0034,0.1257
C0023,C0035,0.0
C0023,C0036,0.0528
C0023,C0037,0.0588
C0023,C0038,0.0
C0023,C0039,0.0057
C0023,C0040,0.1064
C0023,C0041,0.2028
C0023,C0042,0.3112
C0023,C0043,0.1901
C0023,C0044,0.0
C0023,C0045,0.0
C0023,C0046,0.0
C0023,C0047,0.038
C0023,C0048,0.0
C0023,C0049,0.0641
C0023,C0050,0.0
C0023,C0051,0.0
C0023,C0052,0.0
C0023,C0053,0.0
C0023,C0054,0.2378
C0023,C0055,0.0561
C0023,C0056,0.169
C0023,C0057,0.1635
C0023,C0058,0.3339
C0023,C0059,0.1215
C0023,C0060,0.1313
C0024,C0025,0.4056
C0024,C0026,0.3575
C0024,C0027,0.0596
C0024,C0028,0.0785
C0024,C0029,0.0591
C0024,C0030,0.0495
C0024,C0031,0.0879
C0024,C0032,0.1825
C0024,C0033,0.2127
C0024,C0034,0.2373
C0024,C0035,0.0
C0024,C0036,0.0
C0024,C0037,0.0886
C0024,C0038,0.0
C0024,C0039,0.0
C0024,C0040,0.1997
C0024,C0041,0.4277
C0024,C0042,0.1925
C0024,C0043,0.1412
C0024,C0044,0.0686
C0024,C0045,0.0087
C0024,C0046,0.0
C0024,C0047,0.0
C0024,C0048,0.0407
C0024,C0049,0.0623
C0024,C0050,0.0
C0024,C0051,0.0974
C0024,C0052,0.0
C0024,C0053,0.0278
C0024,C0054,0.0913
C0024,C0055,0.1053
C0024,C0056,0.0476
C0024,C0057,0.2231
C0024,C0058,0.4983
C0024,C0059,0.1338
C0024,C0060,0.1865
C0025,C0026,0.7511
C0025,C0027,0.0518
C0025,C0028,0.1254
C0025,C0029,0.0236
C0025,C0030,0.0
C0025,C0031,0.019
C0025,C0032,0.0903
C0025,C0033,0.0
C0025,C0034,0.0529
C0025,C0035,0.0
C0025,C0036,0.0
C0025,C0037,0.0
C0025,C0038,0.0208
C0025,C0039,0.0457
C0025,C0040,0.0712
C0025,C0041,0.1328
C0025,C0042,0.1739
C0025,C0043,0.11
C0025,C0044,0.0415
C0025,C0045,0.0
C0025,C0046,0.0151
C0025,C0047,0.0521
C0025,C0048,0.0631
C0025,C0049,0.0
C0025,C0050,0.0
C0025,C0051,0.0349
C0025,C0052,0.0219
C0025,C0053,0.0
C0025,C0054,0.1389
C0025,C0055,0.0
C0025,C0056,0.1519
C0025,C0057,0.0642
C0025,C0058,0.2316
C0025,C0059,0.1134
C0025,C0060,0.0861
C0026,C0027,0.0
C0026,C0028,0.1327
C0026,C0029,0.0811
C0026,C0030,0.0277
C0026,C0031,0.0952
C0026,C0032,0.0138
C0026,C0033,0.0524
C0026,C0034,0.0999
C0026,C0035,0.0175
C0026,C0036,0.0
C0026,C0037,0.0
C0026,C0038,0.0
C0026,C0039,0.0
C0026,C0040,0.0662
C0026,C0041,0.1623
C0026,C0042,0.2547
C0026,C0043,0.0767
C0026,C0044,0.0297
C0026,C0045,0.0
C0026,C0046,0.0
C0026,C0047,0.1038
C0026,C0048,0.1675
C0026,C0049,0.0874
C0026,C0050,0.0695
C0026,C0051,0.0
C0026,C0052,0.0212
C0026,C0053,0.0
C0026,C0054,0.1392
C0026,C0055,0.0
C0026,C0056,0.0724
C0026,C0057,0.1315
C0026,C0058,0.1783
C0026,C0059,0.1704
C0026,C0060,0.1032
C0027,C0028,0.2802
C0027,C0029,0.3808
C0027,C0030,0.4258
C0027,C0031,0.029
C0027,C0032,0.0753
C0027,C0033,0.1035
C0027,C0034,0.0864
C0027,C0035,0.1378
C0027,C0036,0.0578
C0027,C0037,0.1026
C0027,C0038,0.0414
C0027,C0039,0.0621
C0027,C0040,0.0272
C0027,C0041,0.058
C0027,C0042,0.0126
C0027,C0043,0.1975
C0027,C0044,0.0108
C0027,C0045,0.0
C0027,C0046,0.0
C0027,C0047,0.1025
C0027,C0048,0.0
C0027,C0049,0.0
C0027,C0050,0.0
C0027,C0051,0.0
C0027,C0052,0.0
C0027,C0053,0.0268
C0027,C0054,0.0641
C0027,C0055,0.0776
C0027,C0056,0.1422
C0027,C0057,0.0
C0027,C0058,0.0
C0027,C0059,0.0118
C0027,C0060,0.0
C0028,C0029,0.0832
C0028,C0030,0.0116
C0028,C0031,0.1948
C0028,C0032,0.2942
C0028,C0033,0.3538
C0028,C0034,0.3675
C0028,C0035,0.0
C0028,C0036,0.0
C0028,C0037,0.0916
C0028,C0038,0.0125
C0028,C0039,0.0169
C0028,C0040,0.1015
C0028,C0041,0.1125
C0028,C0042,0.1064
C0028,C0043,0.4558
C0028,C0044,0.0
C0028,C0045,0.0576
C0028,C0046,0.0
C0028,C0047,0.0
C0028,C0048,0.0439
C0028,C0049,0.0569
C0028,C0050,0.007
C0028,C0051,0.0
C0028,C0052,0.0
C0028,C0053,0.0023
C0028,C0054,0.3436
C0028,C0055,0.5952
C0028,C0056,0.5659
C0028,C0057,0.2898
C0028,C0058,0.1118
C0028,C0059,0.1531
C0028,C0060,0.0384
C0029,C0030,0.1871
C0029,C0031,0.0574
C0029,C0032,0.1663
C0029,C0033,0.2343
C0029,C0034,0.1396
C0029,C0035,0.1264
C0029,C0036,0.0524
C0029,C0037,0.0611
C0029,C0038,0.0344
C0029,C0039,0.0449
C0029,C0040,0.0
C0029,C0041,0.0331
C0029,C0042,0.0
C0029,C0043,0.132
C0029,C0044,0.0
C0029,C0045,0.022
C0029,C0046,0.0
C0029,C0047,0.0545
C0029,C0048,0.0547
C0029,C0049,0.0
C0029,C0050,0.0
C0029,C0051,0.003
C0029,C0052,0.0
C0029,C0053,0.0108
C0029,C0054,0.2103
C0029,C0055,0.2251
C0029,C0056,0.1836
C0029,C0057,0.0
C0029,C0058,0.0
C0029,C0059,0.0
C0029,C0060,0.0
C0030,C0031,0.0875
C0030,C0032,0.0
C0030,C0033,0.1274
C0030,C0034,0.0
C0030,C0035,0.1588
C0030,C0036,0.1444
C0030,C0037,0.2587
C0030,C0038,0.0757
C0030,C0039,0.0477
C0030,C0040,0.0
C0030,C0041,0.0
C0030,C0042,0.0
C0030,C0043,0.0815
C0030,C0044,0.0102
C0030,C0045,0.0
C0030,C0046,0.0993
C0030,C0047,0.0746
C0030,C0048,0.0
C0030,C0049,0.0262
C0030,C0050,0.0
C0030,C0051,0.0
C0030,C0052,0.0
C0030,C0053,0.042
C0030,C0054,0.0026
C0030,C0055,0.0028
C0030,C0056,0.0781
C0030,C0057,0.0615
C0030,C0058,0.0
C0030,C0059,0.0
C0030,C0060,0.0
C0031,C0032,0.2864
C0031,C0033,0.2791
C0031,C0034,0.4353
C0031,C0035,0.0059
C0031,C0036,0.0664
C0031,C0037,0.0432
C0031,C0038,0.0115
C0031,C0039,0.0503
C0031,C0040,0.2869
C0031,C0041,0.0934
C0031,C0042,0.1901
C0031,C0043,0.235
C0031,C0044,0.0377
C0031,C0045,0.0357
C0031,C0046,0.0
C0031,C0047,0.0566
C0031,C0048,0.0
C0031,C0049,0.041
C0031,C0050,0.01
C0031,C0051,0.0
C0031,C0052,0.0524
C0031,C0053,0.0
C0031,C0054,0.1954
C0031,C0055,0.2989
C0031,C0056,0.2215
C0031,C0057,0.275
C0031,C0058,0.0639
C0031,C0059,0.2227
C0031,C0060,0.1647
C0032,C0033,0.4413
C0032,C0034,0.6422
C0032,C0035,0.0
C0032,C0036,0.0006
C0032,C0037,0.0148
C0032,C0038,0.0
C0032,C0039,0.0
C0032,C0040,0.2321
C0032,C0041,0.2617
C0032,C0042,0.2453
C0032,C0043,0.534
C0032,C0044,0.0
C0032,C0045,0.0187
C0032,C0046,0.0708
C0032,C0047,0.0
C0032,C0048,0.0
C0032,C0049,0.0114
C0032,C0050,0.0
C0032,C0051,0.0
C0032,C0052,0.0419
C0032,C0053,0.0
C0032,C0054,0.4569
C0032,C0055,0.4344
C0032,C0056,0.4413
C0032,C0057,0.5237
C0032,C0058,0.1906
C0032,C0059,0.3655
C0032,C0060,0.2271
C0033,C0034,0.5571
C0033,C0035,0.0
C0033,C0036,0.0
C0033,C0037,0.022
C0033,C0038,0.094
C0033,C0039,0.0203
C0033,C0040,0.2427
C0033,C0041,0.2626
C0033,C0042,0.3642
C0033,C0043,0.4124
C0033,C0044,0.0204
C0033,C0045,0.0231
C0033,C0046,0.084
C0033,C0047,0.0581
C0033,C0048,0.0
C0033,C0049,0.061
C0033,C0050,0.0675
C0033,C0051,0.0147
C0033,C0052,0.0
C0033,C0053,0.0
C0033,C0054,0.7578
C0033,C0055,0.6481
C0033,C0056,0.4198
C0033,C0057,0.3725
C0033,C0058,0.2018
C0033,C0059,0.2677
C0033,C0060,0.1202
C0034,C0035,0.0736
C0034,C0036,0.0172
C0034,C0037,0.0975
C0034,C0038,0.0
C0034,C0039,0.0479
C0034,C0040,0.3281
C0034,C0041,0.2214
C0034,C0042,0.4259
C0034,C0043,0.3737
C0034,C0044,0.0
C0034,C0045,0.0384
C0034,C0046,0.0
C0034,C0047,0.0
C0034,C0048,0.0318
C0034,C0049,0.0282
C0034,C0050,0.0
C0034,C0051,0.0149
C0034,C0052,0.0435
C0034,C0053,0.0
C0034,C0054,0.5224
C0034,C0055,0.3658
C0034,C0056,0.3295
C0034,C0057,0.2957
C0034,C0058,0.1929
C0034,C0059,0.3948
C0034,C0060,0.2185
C0035,C0036,0.2597
C0035,C0037,0.3945
C0035,C0038,0.4957
C0035,C0039,0.4521
C0035,C0040,0.005
C0035,C0041,0.0186
C0035,C0042,0.0
C0035,C0043,0.0026
C0035,C0044,0.0
C0035,C0045,0.0178
C0035,C0046,0.0231
C0035,C0047,0.0395
C0035,C0048,0.0086
C0035,C0049,0.0
C0035,C0050,0.0153
C0035,C0051,0.0057
C0035,C0052,0.0351
C0035,C0053,0.0634
C0035,C0054,0.0
C0035,C0055,0.0208
C0035,C0056,0.0
C0035,C0057,0.0151
C0035,C0058,0.0856
C0035,C0059,0.0294
C0035,C0060,0.0
C0036,C0037,0.1878
C0036,C0038,0.3313
C0036,C0039,0.308
C0036,C0040,0.0
C0036,C0041,0.0
C0036,C0042,0.0474
C0036,C0043,0.0702
C0036,C0044,0.0077
C0036,C0045,0.0134
C0036,C0046,0.0
C0036,C0047,0.0
C0036,C0048,0.0
C0036,C0049,0.0248
C0036,C0050,0.0
C0036,C0051,0.0071
C0036,C0052,0.022
C0036,C0053,0.0554
C0036,C0054,0.0
C0036,C0055,0.0085
C0036,C0056,0.0
C0036,C0057,0.0065
C0036,C0058,0.0
C0036,C0059,0.0
C0036,C0060,0.0
C0037,C0038,0.5002
C0037,C0039,0.3742
C0037,C0040,0.0
C0037,C0041,0.0
C0037,C0042,0.0
C0037,C0043,0.0
C0037,C0044,0.0
C0037,C0045,0.0498
C0037,C0046,0.0704
C0037,C0047,0.0
C0037,C0048,0.0
C0037,C0049,0.0091
C0037,C0050,0.0321
C0037,C0051,0.0
C0037,C0052,0.0
C0037,C0053,0.0213
C0037,C0054,0.0038
C0037,C0055,0.06
C0037,C0056,0.0421
C0037,C0057,0.0
C0037,C0058,0.0
C0037,C0059,0.1454
C0037,C0060,0.0
C0038,C0039,0.3944
C0038,C0040,0.0253
C0038,C0041,0.0
C0038,C0042,0.0335
C0038,C0043,0.0
C0038,C0044,0.0
C0038,C0045,0.0
C0038,C0046,0.0
C0038,C0047,0.0147
C0038,C0048,0.0095
C0038,C0049,0.0676
C0038,C0050,0.0234
C0038,C0051,0.0494
C0038,C0052,0.0443
C0038,C0053,0.0
C0038,C0054,0.0
C0038,C0055,0.0
C0038,C0056,0.0372
C0038,C0057,0.0494
C0038,C0058,0.0
C0038,C0059,0.0
C0038,C0060,0.088
C0039,C0040,0.0
C0039,C0041,0.0
C0039,C0042,0.0539
C0039,C0043,0.0021
C0039,C0044,0.0
C0039,C0045,0.0
C0039,C0046,0.0
C0039,C0047,0.0
C0039,C0048,0.041
C0039,C0049,0.0517
C0039,C0050,0.0226
C0039,C0051,0.0393
C0039,C0052,0.0
C0039,C0053,0.0454
C0039,C0054,0.0
C0039,C0055,0.0
C0039,C0056,0.0
C0039,C0057,0.0
C0039,C0058,0.0
C0039,C0059,0.0525
C0039,C0060,0.0205
C0040,C0041,0.3609
C0040,C0042,0.2616
C0040,C0043,0.1706
C0040,C0044,0.0
C0040,C0045,0.0
C0040,C0046,0.0
C0040,C0047,0.0294
C0040,C0048,0.0
C0040,C0049,0.0
C0040,C0050,0.0232
C0040,C0051,0.0847
C0040,C0052,0.0226
C0040,C0053,0.0
C0040,C0054,0.2046
C0040,C0055,0.1161
C0040,C0056,0.112
C0040,C0057,0.2685
C0040,C0058,0.2648
C0040,C0059,0.3519
C0040,C0060,0.3962
C0041,C0042,0.6152
C0041,C0043,0.2566
C0041,C0044,0.0
C0041,C0045,0.0296
C0041,C0046,0.0
C0041,C0047,0.0772
C0041,C0048,0.055
C0041,C0049,0.0004
C0041,C0050,0.0
C0041,C0051,0.0178
C0041,C0052,0.0
C0041,C0053,0.0038
C0041,C0054,0.1482
C0041,C0055,0.1661
C0041,C0056,0.2069
C0041,C0057,0.3398
C0041,C0058,0.4876
C0041,C0059,0.3814
C0041,C0060,0.3029
C0042,C0043,0.4195
C0042,C0044,0.0565
C0042,C0045,0.1438
C0042,C0046,0.0
C0042,C0047,0.0677
C0042,C0048,0.148
C0042,C0049,0.0
C0042,C0050,0.0703
C0042,C0051,0.0613
C0042,C0052,0.0
C0042,C0053,0.0429
C0042,C0054,0.3108
C0042,C0055,0.169
C0042,C0056,0.2104
C0042,C0057,0.5196
C0042,C0058,0.4809
C0042,C0059,0.5955
C0042,C0060,0.2934
C0043,C0044,0.0
C0043,C0045,0.0348
C0043,C0046,0.0
C0043,C0047,0.0342
C0043,C0048,0.0051
C0043,C0049,0.0079
C0043,C0050,0.0478
C0043,C0051,0.0
C0043,C0052,0.0
C0043,C0053,0.0135
C0043,C0054,0.7733
C0043,C0055,0.3133
C0043,C0056,0.6553
C0043,C0057,0.6453
C0043,C0058,0.2555
C0043,C0059,0.2667
C0043,C0060,0.2163
C0044,C0045,0.5552
C0044,C0046,0.78
C0044,C0047,0.3495
C0044,C0048,0.2936
C0044,C0049,0.8009
C0044,C0050,0.0251
C0044,C0051,0.0255
C0044,C0052,0.0708
C0044,C0053,0.0049
C0044,C0054,0.0
C0044,C0055,0.0247
C0044,C0056,0.0
C0044,C0057,0.0
C0044,C0058,0.0
C0044,C0059,0.027
C0044,C0060,0.0181
C0045,C0046,0.6046
C0045,C0047,0.4699
C0045,C0048,0.2593
C0045,C0049,0.7338
C0045,C0050,0.0494
C0045,C0051,0.0
C0045,C0052,0.0354
C0045,C0053,0.0
C0045,C0054,0.0
C0045,C0055,0.0349
C0045,C0056,0.0
C0045,C0057,0.0076
C0045,C0058,0.0029
C0045,C0059,0.0481
C0045,C0060,0.0
C0046,C0047,0.3808
C0046,C0048,0.2824
C0046,C0049,0.6391
C0046,C0050,0.0
C0046,C0051,0.0
C0046,C0052,0.058
C0046,C0053,0.0
C0046,C0054,0.0541
C0046,C0055,0.0008
C0046,C0056,0.0
C0046,C0057,0.0
C0046,C0058,0.0713
C0046,C0059,0.0
C0046,C0060,0.0156
C0047,C0048,0.5504
C0047,C0049,0.4076
C0047,C0050,0.0294
C0047,C0051,0.0
C0047,C0052,0.0427
C0047,C0053,0.0659
C0047,C0054,0.037
C0047,C0055,0.0
C0047,C0056,0.0
C0047,C0057,0.0107
C0047,C0058,0.0
C0047,C0059,0.0
C0047,C0060,0.0
C0048,C0049,0.2992
C0048,C0050,0.0
C0048,C0051,0.0
C0048,C0052,0.0
C0048,C0053,0.0
C0048,C0054,0.0
C0048,C0055,0.0
C0048,C0056,0.0762
C0048,C0057,0.0678
C0048,C0058,0.0648
C0048,C0059,0.0
C0048,C0060,0.0104
C0049,C0050,0.0
C0049,C0051,0.0
C0049,C0052,0.0
C0049,C0053,0.0524
C0049,C0054,0.0
C0049,C0055,0.0
C0049,C0056,0.0823
C0049,C0057,0.0
C0049,C0058,0.0
C0049,C0059,0.0
C0049,C0060,0.0294
C0050,C0051,0.3371
C0050,C0052,0.1032
C0050,C0053,0.1761
C0050,C0054,0.0
C0050,C0055,0.03
C0050,C0056,0.0
C0050,C0057,0.0314
C0050,C0058,0.003
C0050,C0059,0.0749
C0050,C0060,0.0047
C0051,C0052,0.406
C0051,C0053,0.5386
C0051,C0054,0.0469
C0051,C0055,0.0
C0051,C0056,0.0
C0051,C0057,0.0
C0051,C0058,0.0088
C0051,C0059,0.0
C0051,C0060,0.0221
C0052,C0053,0.2607
C0052,C0054,0.0
C0052,C0055,0.0
C0052,C0056,0.0285
C0052,C0057,0.0068
C0052,C0058,0.0091
C0052,C0059,0.0543
C0052,C0060,0.0601
C0053,C0054,0.0
C0053,C0055,0.0
C0053,C0056,0.0
C0053,C0057,0.0345
C0053,C0058,0.0
C0053,C0059,0.0
C0053,C0060,0.0355
C0054,C0055,0.3727
C0054,C0056,0.7237
C0054,C0057,0.5138
C0054,C0058,0.1864
C0054,C0059,0.2544
C0054,C0060,0.125
C0055,C0056,0.482
C0055,C0057,0.3514
C0055,C0058,0.0836
C0055,C0059,0.1722
C0055,C0060,0.1767
C0056,C0057,0.3036
C0056,C0058,0.2146
C0056,C0059,0.2077
C0056,C0060,0.0926
C0057,C0058,0.2793
C0057,C0059,0.4357
C0057,C0060,0.2424
C0058,C0059,0.4204
C0058,C0060,0.359
C0059,C0060,0.325
