cell_i,cell_j,is_neighbor,distance_m
C0001,C0002,1,768
C0001,C0003,1,699
C0001,C0004,1,254
C0001,C0005,1,603
C0001,C0006,1,494
C0001,C0007,0,2011
C0001,C0008,0,2432
C0001,C0009,0,2878
C0001,C0010,0,2131
C0001,C0011,0,2069
C0001,C0012,0,2069
C0001,C0013,0,3917
C0001,C0014,0,3963
C0001,C0015,0,3620
C0001,C0016,0,4099
C0001,C0017,0,5038
C0001,C0018,0,5708
C0001,C0019,0,5005
C0001,C0020,0,4946
C0001,C0021,0,3729
C0001,C0022,0,3693
C0001,C0023,0,3905
C0001,C0024,0,3378
C0001,C0025,0,3561
C0001,C0026,0,3479
C0001,C0027,0,5531
C0001,C0028,0,4412
C0001,C0029,0,5361
C0001,C0030,0,5859
C0001,C0031,0,3628
C0001,C0032,0,3682
C0001,C0033,0,3967
C0001,C0034,0,3619
C0001,C0035,0,7027
C0001,C0036,0,7573
C0001,C0037,0,6792
C0001,C0038,0,7414
C0001,C0039,0,7376
C0001,C0040,0,2848
C0001,C0041,0,3123
C0001,C0042,0,3178
C0001,C0043,0,3798
C0001,C0044,0,2052
C0001,C0045,0,1964
C0001,C0046,0,2028
C0001,C0047,0,2032
C0001,C0048,1,1701
C0001,C0049,0,2114
C0001,C0050,0,3189
C0001,C0051,0,3816
C0001,C0052,0,3738
C0001,C0053,0,4189
C0001,C0054,0,3999
C0001,C0055,0,4287
C0001,C0056,0,4128
C0001,C0057,0,3646
C0001,C0058,0,3131
C0001,C0059,0,3192
C0001,C0060,0,2671
C0002,C0003,1,706
C0002,C0004,1,733
C0002,C0005,1,175
C0002,C0006,1,604
C0002,C0007,0,1811
C0002,C0008,0,2137
C0002,C0009,0,2535
C0002,C0010,0,1795
C0002,C0011,0,1691
C0002,C0012,0,1603
C0002,C0013,0,3345
C0002,C0014,0,3347
C0002,C0015,0,2987
C0002,C0016,0,3509
C0002,C0017,0,4289
C0002,C0018,0,4962
C0002,C0019,0,4260
C0002,C0020,0,4195
C0002,C0021,0,3117
C0002,C0022,0,3123
C0002,C0023,0,3273
C0002,C0024,0,2765
C0002,C0025,0,3025
C0002,C0026,0,2946
C0002,C0027,0,4764
C0002,C0028,0,3660
C0002,C0029,0,4609
C0002,C0030,0,5091
C0002,C0031,0,2860
C0002,C0032,0,2925
C0002,C0033,0,3219
C0002,C0034,0,2862
C0002,C0035,0,6263
C0002,C0036,0,6805
C0002,C0037,0,6024
C0002,C0038,0,6648
C0002,C0039,0,6614
C0002,C0040,0,2085
C0002,C0041,0,2425
C0002,C0042,0,2459
C0002,C0043,0,3070
C0002,C0044,0,2241
C0002,C0045,0,2051
C0002,C0046,0,2224
C0002,C0047,0,1984
C0002,C0048,1,1584
C0002,C0049,0,2234
C0002,C0050,0,2712
C0002,C0051,0,3332
C0002,C0052,1,3411
C0002,C0053,0,3704
C0002,C0054,0,3256
C0002,C0055,0,3535
C0002,C0056,0,3391
C0002,C0057,0,2915
C0002,C0058,0,2456
C0002,C0059,0,2452
C0002,C0060,0,1932
C0003,C0004,1,459
C0003,C0005,1,676
C0003,C0006,1,979
C0003,C0007,0,2448
C0003,C0008,0,2810
C0003,C0009,0,3223
C0003,C0010,0,2476
C0003,C0011,0,2380
C0003,C0012,0,2306
C0003,C0013,0,4042
C0003,C0014,0,4031
C0003,C0015,0,3666
C0003,C0016,0,4201
C0003,C0017,0,4835
C0003,C0018,0,5510
C0003,C0019,0,4814
C0003,C0020,0,4733
C0003,C0021,0,3803
C0003,C0022,0,3820
C0003,C0023,0,3950
C0003,C0024,0,3452
C0003,C0025,0,3729
C0003,C0026,0,3650
C0003,C0027,0,5228
C0003,C0028,0,4199
C0003,C0029,0,5144
C0003,C0030,0,5496
C0003,C0031,0,3300
C0003,C0032,0,3457
C0003,C0033,0,3777
C0003,C0034,0,3396
C0003,C0035,0,6618
C0003,C0036,0,7232
C0003,C0037,0,6421
C0003,C0038,0,7021
C0003,C0039,0,6952
C0003,C0040,0,2607
C0003,C0041,0,3066
C0003,C0042,0,3078
C0003,C0043,0,3667
C0003,C0044,0,2686
C0003,C0045,0,2555
C0003,C0046,0,2665
C0003,C0047,0,2559
C0003,C0048,1,2182
C0003,C0049,0,2722
C0003,C0050,1,2507
C0003,C0051,1,3132
C0003,C0052,1,3039
C0003,C0053,1,3504
C0003,C0054,0,3825
C0003,C0055,0,4077
C0003,C0056,0,3969
C0003,C0057,0,3508
C0003,C0058,0,3116
C0003,C0059,0,3038
C0003,C0060,0,2528
C0004,C0005,1,600
C0004,C0006,1,671
C0004,C0007,0,2202
C0004,C0008,0,2606
C0004,C0009,0,3044
C0004,C0010,0,2292
C0004,C0011,0,2218
C0004,C0012,0,2193
C0004,C0013,0,4013
C0004,C0014,0,4039
C0004,C0015,0,3687
C0004,C0016,0,4187
C0004,C0017,0,5020
C0004,C0018,0,5693
C0004,C0019,0,4992
C0004,C0020,0,4924
C0004,C0021,0,3806
C0004,C0022,0,3789
C0004,C0023,0,3973
C0004,C0024,0,3454
C0004,C0025,0,3670
C0004,C0026,0,3589
C0004,C0027,0,5476
C0004,C0028,0,4389
C0004,C0029,0,5338
C0004,C0030,0,5781
C0004,C0031,0,3559
C0004,C0032,0,3652
C0004,C0033,0,3950
C0004,C0034,0,3589
C0004,C0035,0,6932
C0004,C0036,0,7505
C0004,C0037,0,6712
C0004,C0038,0,7326
C0004,C0039,0,7275
C0004,C0040,0,2807
C0004,C0041,0,3151
C0004,C0042,0,3191
C0004,C0043,0,3803
C0004,C0044,0,2300
C0004,C0045,0,2201
C0004,C0046,0,2276
C0004,C0047,0,2251
C0004,C0048,1,1903
C0004,C0049,0,2356
C0004,C0050,0,2964
C0004,C0051,0,3590
C0004,C0052,1,3491
C0004,C0053,0,3962
C0004,C0054,0,3988
C0004,C0055,0,4264
C0004,C0056,0,4124
C0004,C0057,0,3648
C0004,C0058,0,3174
C0004,C0059,0,3185
C0004,C0060,0,2665
C0005,C0006,1,449
C0005,C0007,0,1780
C0005,C0008,0,2134
C0005,C0009,0,2549
C0005,C0010,0,1800
C0005,C0011,0,1706
C0005,C0012,0,1644
C0005,C0013,0,3429
C0005,C0014,0,3446
C0005,C0015,0,3091
C0005,C0016,0,3599
C0005,C0017,0,4441
C0005,C0018,0,5112
C0005,C0019,0,4410
C0005,C0020,0,4348
C0005,C0021,0,3214
C0005,C0022,0,3206
C0005,C0023,0,3377
C0005,C0024,0,2861
C0005,C0025,0,3097
C0005,C0026,0,3017
C0005,C0027,0,4928
C0005,C0028,0,3813
C0005,C0029,0,4762
C0005,C0030,0,5260
C0005,C0031,0,3029
C0005,C0032,0,3082
C0005,C0033,0,3370
C0005,C0034,0,3018
C0005,C0035,0,6435
C0005,C0036,0,6972
C0005,C0037,0,6194
C0005,C0038,0,6819
C0005,C0039,0,6787
C0005,C0040,0,2246
C0005,C0041,0,2552
C0005,C0042,0,2595
C0005,C0043,0,3211
C0005,C0044,0,2132
C0005,C0045,0,1959
C0005,C0046,0,2113
C0005,C0047,0,1920
C0005,C0048,1,1529
C0005,C0049,0,2137
C0005,C0050,0,2846
C0005,C0051,0,3469
C0005,C0052,0,3517
C0005,C0053,0,3842
C0005,C0054,0,3404
C0005,C0055,0,3689
C0005,C0056,0,3537
C0005,C0057,0,3057
C0005,C0058,0,2574
C0005,C0059,0,2599
C0005,C0060,0,2077
C0006,C0007,0,1531
C0006,C0008,0,1942
C0006,C0009,0,2386
C0006,C0010,0,1637
C0006,C0011,0,1574
C0006,C0012,0,1582
C0006,C0013,0,3439
C0006,C0014,0,3498
C0006,C0015,0,3162
C0006,C0016,0,3625
C0006,C0017,0,4669
C0006,C0018,0,5332
C0006,C0019,0,4631
C0006,C0020,0,4583
C0006,C0021,0,3263
C0006,C0022,0,3216
C0006,C0023,0,3446
C0006,C0024,0,2915
C0006,C0025,0,3077
C0006,C0026,0,2994
C0006,C0027,0,5214
C0006,C0028,0,4054
C0006,C0029,0,4997
C0006,C0030,0,5578
C0006,C0031,0,3348
C0006,C0032,0,3339
C0006,C0033,0,3600
C0006,C0034,0,3276
C0006,C0035,0,6772
C0006,C0036,0,7270
C0006,C0037,0,6512
C0006,C0038,0,7147
C0006,C0039,0,7131
C0006,C0040,0,2530
C0006,C0041,0,2707
C0006,C0042,0,2779
C0006,C0043,0,3406
C0006,C0044,0,1718
C0006,C0045,0,1576
C0006,C0046,0,1698
C0006,C0047,0,1592
C0006,C0048,1,1234
C0006,C0049,0,1745
C0006,C0050,0,3293
C0006,C0051,0,3917
C0006,C0052,0,3943
C0006,C0053,0,4290
C0006,C0054,0,3624
C0006,C0055,0,3929
C0006,C0056,0,3746
C0006,C0057,0,3259
C0006,C0058,0,2698
C0006,C0059,0,2819
C0006,C0060,0,2304
C0007,C0008,1,468
C0007,C0009,1,924
C0007,C0010,1,369
C0007,C0011,1,475
C0007,C0012,1,725
C0007,C0013,0,2286
C0007,C0014,0,2461
C0007,C0015,0,2222
C0007,C0016,0,2501
C0007,C0017,0,4117
C0007,C0018,0,4714
C0007,C0019,0,4056
C0007,C0020,0,4065
C0007,C0021,0,2241
C0007,C0022,0,2086
C0007,C0023,0,2465
C0007,C0024,0,1954
C0007,C0025,0,1878
C0007,C0026,0,1799
C0007,C0027,0,4860
C0007,C0028,0,3599
C0007,C0029,0,4449
C0007,C0030,0,5350
C0007,C0031,0,3300
C0007,C0032,0,3030
C0007,C0033,0,3154
C0007,C0034,0,2976
C0007,C0035,0,6596
C0007,C0036,0,6893
C0007,C0037,0,6248
C0007,C0038,0,6910
C0007,C0039,0,6980
C0007,C0040,0,2475
C0007,C0041,0,2126
C0007,C0042,0,2288
C0007,C0043,0,2851
C0007,C0044,1,1053
C0007,C0045,1,740
C0007,C0046,1,1061
C0007,C0047,1,405
C0007,C0048,1,338
C0007,C0049,1,889
C0007,C0050,0,4313
C0007,C0051,0,4894
C0007,C0052,0,5127
C0007,C0053,0,5248
C0007,C0054,0,3136
C0007,C0055,0,3483
C0007,C0056,0,3204
C0007,C0057,0,2749
C0007,C0058,0,2014
C0007,C0059,0,2456
C0007,C0060,0,2087
C0008,C0009,1,458
C0008,C0010,1,348
C0008,C0011,1,479
C0008,C0012,1,693
C0008,C0013,0,1854
C0008,C0014,0,2055
C0008,C0015,0,1852
C0008,C0016,0,2071
C0008,C0017,0,3806
C0008,C0018,0,4377
C0008,C0019,0,3740
C0008,C0020,0,3766
C0008,C0021,0,1846
C0008,C0022,0,1664
C0008,C0023,0,2074
C0008,C0024,0,1591
C0008,C0025,0,1443
C0008,C0026,0,1367
C0008,C0027,0,4592
C0008,C0028,0,3329
C0008,C0029,0,4134
C0008,C0030,0,5110
C0008,C0031,0,3163
C0008,C0032,0,2824
C0008,C0033,0,2900
C0008,C0034,0,2775
C0008,C0035,0,6356
C0008,C0036,0,6598
C0008,C0037,0,5988
C0008,C0038,0,6651
C0008,C0039,0,6744
C0008,C0040,0,2384
C0008,C0041,0,1885
C0008,C0042,0,2065
C0008,C0043,0,2576
C0008,C0044,0,1407
C0008,C0045,1,1113
C0008,C0046,0,1422
C0008,C0047,1,762
C0008,C0048,1,804
C0008,C0049,0,1217
C0008,C0050,0,4475
C0008,C0051,0,5031
C0008,C0052,0,5334
C0008,C0053,0,5373
C0008,C0054,0,2870
C0008,C0055,0,3219
C0008,C0056,0,2919
C0008,C0057,0,2493
C0008,C0058,0,1745
C0008,C0059,0,2264
C0008,C0060,0,1977
C0009,C0010,1,753
C0009,C0011,1,845
C0009,C0012,1,975
C0009,C0013,0,1494
C0009,C0014,0,1738
C0009,C0015,0,1602
C0009,C0016,0,1713
C0009,C0017,0,3598
C0009,C0018,0,4130
C0009,C0019,0,3526
C0009,C0020,0,3571
C0009,C0021,0,1554
C0009,C0022,0,1330
C0009,C0023,0,1782
C0009,C0024,0,1364
C0009,C0025,1,1091
C0009,C0026,1,1024
C0009,C0027,0,4426
C0009,C0028,0,3175
C0009,C0029,0,3917
C0009,C0030,0,4972
C0009,C0031,0,3162
C0009,C0032,0,2755
C0009,C0033,0,2774
C0009,C0034,0,2714
C0009,C0035,0,6212
C0009,C0036,0,6389
C0009,C0037,0,5822
C0009,C0038,0,6484
C0009,C0039,0,6602
C0009,C0040,0,2450
C0009,C0041,0,1810
C0009,C0042,0,2003
C0009,C0043,0,2432
C0009,C0044,0,1771
C0009,C0045,0,1501
C0009,C0046,0,1790
C0009,C0047,1,1165
C0009,C0048,0,1261
C0009,C0049,0,1571
C0009,C0050,0,4732
C0009,C0051,0,5264
C0009,C0052,0,5623
C0009,C0053,0,5594
C0009,C0054,0,2730
C0009,C0055,0,3074
C0009,C0056,0,2755
C0009,C0057,0,2374
C0009,C0058,0,1643
C0009,C0059,0,2229
C0009,C0060,0,2042
C0010,C0011,1,146
C0010,C0012,1,398
C0010,C0013,0,1966
C0010,C0014,0,2119
C0010,C0015,0,1865
C0010,C0016,0,2176
C0010,C0017,0,3748
C0010,C0018,0,4347
C0010,C0019,0,3687
C0010,C0020,0,3697
C0010,C0021,0,1895
C0010,C0022,0,1757
C0010,C0023,0,2115
C0010,C0024,0,1596
C0010,C0025,0,1564
C0010,C0026,0,1482
C0010,C0027,0,4493
C0010,C0028,0,3232
C0010,C0029,0,4080
C0010,C0030,0,4986
C0010,C0031,0,2960
C0010,C0032,0,2671
C0010,C0033,0,2787
C0010,C0034,0,2618
C0010,C0035,0,6233
C0010,C0036,0,6525
C0010,C0037,0,5882
C0010,C0038,0,6544
C0010,C0039,0,6618
C0010,C0040,0,2150
C0010,C0041,0,1760
C0010,C0042,0,1925
C0010,C0043,0,2483
C0010,C0044,0,1421
C0010,C0045,1,1109
C0010,C0046,0,1430
C0010,C0047,1,770
C0010,C0048,1,628
C0010,C0049,0,1255
C0010,C0050,0,4141
C0010,C0051,0,4704
C0010,C0052,0,4992
C0010,C0053,0,5049
C0010,C0054,0,2768
C0010,C0055,0,3116
C0010,C0056,0,2835
C0010,C0057,0,2382
C0010,C0058,0,1645
C0010,C0059,0,2099
C0010,C0060,0,1753
C0011,C0012,1,258
C0011,C0013,0,1953
C0011,C0014,0,2086
C0011,C0015,0,1813
C0011,C0016,0,2159
C0011,C0017,0,3660
C0011,C0018,0,4268
C0011,C0019,0,3601
C0011,C0020,0,3605
C0011,C0021,0,1857
C0011,C0022,0,1739
C0011,C0023,0,2071
C0011,C0024,0,1544
C0011,C0025,0,1560
C0011,C0026,0,1477
C0011,C0027,0,4391
C0011,C0028,0,3132
C0011,C0029,0,3994
C0011,C0030,0,4876
C0011,C0031,0,2830
C0011,C0032,0,2555
C0011,C0033,0,2684
C0011,C0034,0,2501
C0011,C0035,0,6122
C0011,C0036,0,6429
C0011,C0037,0,5777
C0011,C0038,0,6438
C0011,C0039,0,6506
C0011,C0040,0,2014
C0011,C0041,0,1657
C0011,C0042,0,1815
C0011,C0043,0,2387
C0011,C0044,0,1520
C0011,C0045,0,1206
C0011,C0046,0,1526
C0011,C0047,1,880
C0011,C0048,1,676
C0011,C0049,0,1363
C0011,C0050,0,3999
C0011,C0051,0,4560
C0011,C0052,0,4855
C0011,C0053,0,4905
C0011,C0054,0,2668
C0011,C0055,0,3015
C0011,C0056,0,2741
C0011,C0057,0,2281
C0011,C0058,0,1552
C0011,C0059,0,1981
C0011,C0060,0,1620
C0012,C0013,0,1868
C0012,C0014,0,1963
C0012,C0015,0,1663
C0012,C0016,0,2063
C0012,C0017,0,3449
C0012,C0018,0,4069
C0012,C0019,0,3393
C0012,C0020,0,3390
C0012,C0021,0,1729
C0012,C0022,0,1647
C0012,C0023,0,1933
C0012,C0024,0,1398
C0012,C0025,0,1496
C0012,C0026,0,1413
C0012,C0027,0,4161
C0012,C0028,0,2907
C0012,C0029,0,3784
C0012,C0030,0,4637
C0012,C0031,0,2575
C0012,C0032,0,2312
C0012,C0033,0,2455
C0012,C0034,0,2257
C0012,C0035,0,5882
C0012,C0036,0,6206
C0012,C0037,0,5542
C0012,C0038,0,6203
C0012,C0039,0,6264
C0012,C0040,0,1756
C0012,C0041,0,1432
C0012,C0042,0,1581
C0012,C0043,0,2168
C0012,C0044,0,1756
C0012,C0045,0,1443
C0012,C0046,0,1761
C0012,C0047,1,1128
C0012,C0048,1,879
C0012,C0049,0,1607
C0012,C0050,0,3789
C0012,C0051,0,4340
C0012,C0052,0,4661
C0012,C0053,0,4681
C0012,C0054,0,2444
C0012,C0055,0,2788
C0012,C0056,0,2524
C0012,C0057,0,2055
C0012,C0058,0,1341
C0012,C0059,0,1737
C0012,C0060,0,1363
C0013,C0014,1,332
C0013,C0015,1,548
C0013,C0016,1,219
C0013,C0017,0,2291
C0013,C0018,0,2729
C0013,C0019,0,2209
C0013,C0020,0,2297
C0013,C0021,1,354
C0013,C0022,1,224
C0013,C0023,1,457
C0013,C0024,1,628
C0013,C0025,1,411
C0013,C0026,1,488
C0013,C0027,0,3186
C0013,C0028,0,2037
C0013,C0029,0,2578
C0013,C0030,0,3780
C0013,C0031,0,2493
C0013,C0032,0,1938
C0013,C0033,0,1771
C0013,C0034,0,1928
C0013,C0035,0,4976
C0013,C0036,0,5025
C0013,C0037,0,4547
C0013,C0038,0,5197
C0013,C0039,0,5365
C0013,C0040,0,2141
C0013,C0041,0,1276
C0013,C0042,0,1422
C0013,C0043,0,1437
C0013,C0044,0,3250
C0013,C0045,0,2965
C0013,C0046,0,3268
C0013,C0047,0,2615
C0013,C0048,0,2591
C0013,C0049,0,3054
C0013,C0050,0,4785
C0013,C0051,0,5194
C0013,C0052,0,5751
C0013,C0053,0,5463
C0013,C0054,0,1691
C0013,C0055,0,1973
C0013,C0056,0,1639
C0013,C0057,0,1478
C0013,C0058,1,1115
C0013,C0059,0,1655
C0013,C0060,0,1857
C0014,C0015,1,374
C0014,C0016,1,253
C0014,C0017,0,1964
C0014,C0018,0,2423
C0014,C0019,0,1883
C0014,C0020,0,1967
C0014,C0021,1,235
C0014,C0022,1,411
C0014,C0023,1,143
C0014,C0024,1,585
C0014,C0025,1,657
C0014,C0026,1,715
C0014,C0027,0,2856
C0014,C0028,0,1707
C0014,C0029,0,2257
C0014,C0030,0,3448
C0014,C0031,0,2214
C0014,C0032,0,1649
C0014,C0033,0,1457
C0014,C0034,0,1644
C0014,C0035,0,4647
C0014,C0036,0,4713
C0014,C0037,0,4221
C0014,C0038,0,4873
C0014,C0039,0,5037
C0014,C0040,0,1946
C0014,C0041,1,1102
C0014,C0042,0,1216
C0014,C0043,1,1133
C0014,C0044,0,3461
C0014,C0045,0,3166
C0014,C0046,0,3477
C0014,C0047,0,2814
C0014,C0048,0,2747
C0014,C0049,0,3269
C0014,C0050,0,4598
C0014,C0051,0,4981
C0014,C0052,0,5570
C0014,C0053,0,5237
C0014,C0054,0,1373
C0014,C0055,0,1645
C0014,C0056,0,1313
C0014,C0057,1,1191
C0014,C0058,1,972
C0014,C0059,0,1430
C0014,C0060,0,1709
C0015,C0016,1,596
C0015,C0017,0,1998
C0015,C0018,0,2532
C0015,C0019,0,1925
C0015,C0020,0,1977
C0015,C0021,1,195
C0015,C0022,1,444
C0015,C0023,1,286
C0015,C0024,1,269
C0015,C0025,1,638
C0015,C0026,1,656
C0015,C0027,0,2849
C0015,C0028,0,1627
C0015,C0029,0,2315
C0015,C0030,0,3417
C0015,C0031,0,1957
C0015,C0032,0,1415
C0015,C0033,0,1295
C0015,C0034,0,1399
C0015,C0035,0,4643
C0015,C0036,0,4787
C0015,C0037,0,4238
C0015,C0038,0,4898
C0015,C0039,0,5034
C0015,C0040,0,1601
C0015,C0041,1,742
C0015,C0042,1,876
C0015,C0043,1,945
C0015,C0044,0,3252
C0015,C0045,0,2948
C0015,C0046,0,3265
C0015,C0047,0,2596
C0015,C0048,0,2486
C0015,C0049,0,3066
C0015,C0050,0,4251
C0015,C0051,0,4650
C0015,C0052,0,5220
C0015,C0053,0,4916
C0015,C0054,0,1226
C0015,C0055,0,1543
C0015,C0056,0,1209
C0015,C0057,1,958
C0015,C0058,1,601
C0015,C0059,1,1107
C0015,C0060,0,1342
C0016,C0017,0,2127
C0016,C0018,0,2538
C0016,C0019,0,2043
C0016,C0020,0,2141
C0016,C0021,1,415
C0016,C0022,1,420
C0016,C0023,1,396
C0016,C0024,1,753
C0016,C0025,1,629
C0016,C0026,1,705
C0016,C0027,0,3031
C0016,C0028,0,1921
C0016,C0029,0,2404
C0016,C0030,0,3631
C0016,C0031,0,2467
C0016,C0032,0,1900
C0016,C0033,0,1697
C0016,C0034,0,1896
C0016,C0035,0,4814
C0016,C0036,0,4837
C0016,C0037,0,4379
C0016,C0038,0,5024
C0016,C0039,0,5202
C0016,C0040,0,2190
C0016,C0041,0,1337
C0016,C0042,0,1461
C0016,C0043,0,1380
C0016,C0044,0,3469
C0016,C0045,0,3183
C0016,C0046,0,3486
C0016,C0047,0,2833
C0016,C0048,0,2803
C0016,C0049,0,3273
C0016,C0050,0,4842
C0016,C0051,0,5230
C0016,C0052,0,5812
C0016,C0053,0,5488
C0016,C0054,0,1610
C0016,C0055,0,1868
C0016,C0056,0,1540
C0016,C0057,0,1443
C0016,C0058,1,1195
C0016,C0059,0,1680
C0016,C0060,0,1938
C0017,C0018,1,675
C0017,C0019,1,87
C0017,C0020,1,125
C0017,C0021,0,2080
C0017,C0022,0,2352
C0017,C0023,0,1869
C0017,C0024,0,2236
C0017,C0025,0,2592
C0017,C0026,0,2631
C0017,C0027,1,912
C0017,C0028,1,638
C0017,C0029,1,335
C0017,C0030,0,1524
C0017,C0031,0,1683
C0017,C0032,0,1378
C0017,C0033,1,1071
C0017,C0034,0,1440
C0017,C0035,0,2687
C0017,C0036,0,2794
C0017,C0037,0,2257
C0017,C0038,0,2910
C0017,C0039,0,3075
C0017,C0040,0,2228
C0017,C0041,0,2026
C0017,C0042,0,1909
C0017,C0043,0,1288
C0017,C0044,0,5168
C0017,C0045,0,4856
C0017,C0046,0,5178
C0017,C0047,0,4513
C0017,C0048,0,4327
C0017,C0049,0,4996
C0017,C0050,0,4304
C0017,C0051,0,4449
C0017,C0052,0,5228
C0017,C0053,0,4582
C0017,C0054,1,1045
C0017,C0055,1,758
C0017,C0056,1,934
C0017,C0057,0,1420
C0017,C0058,0,2109
C0017,C0059,0,1850
C0017,C0060,0,2369
C0018,C0019,1,702
C0018,C0020,1,780
C0018,C0021,0,2580
C0018,C0022,0,2830
C0018,C0023,0,2355
C0018,C0024,0,2788
C0018,C0025,0,3076
C0018,C0026,0,3127
C0018,C0027,1,916
C0018,C0028,1,1312
C0018,C0029,1,388
C0018,C0030,1,1459
C0018,C0031,0,2327
C0018,C0032,0,2053
C0018,C0033,0,1743
C0018,C0034,0,2114
C0018,C0035,0,2408
C0018,C0036,0,2300
C0018,C0037,0,1935
C0018,C0038,0,2541
C0018,C0039,0,2777
C0018,C0040,0,2903
C0018,C0041,0,2664
C0018,C0042,0,2561
C0018,C0043,0,1934
C0018,C0044,0,5761
C0018,C0045,0,5451
C0018,C0046,0,5772
C0018,C0047,0,5103
C0018,C0048,0,4941
C0018,C0049,0,5582
C0018,C0050,0,4890
C0018,C0051,0,4986
C0018,C0052,0,5791
C0018,C0053,0,5087
C0018,C0054,0,1710
C0018,C0055,0,1433
C0018,C0056,0,1587
C0018,C0057,0,2075
C0018,C0058,0,2729
C0018,C0059,0,2517
C0018,C0060,0,3037
C0019,C0020,1,176
C0019,C0021,0,2003
C0019,C0022,0,2273
C0019,C0023,0,1790
C0019,C0024,0,2165
C0019,C0025,0,2514
C0019,C0026,0,2554
C0019,C0027,1,998
C0019,C0028,1,626
C0019,C0029,1,394
C0019,C0030,0,1611
C0019,C0031,0,1693
C0019,C0032,0,1361
C0019,C0033,1,1041
C0019,C0034,0,1421
C0019,C0035,0,2771
C0019,C0036,0,2864
C0019,C0037,0,2339
C0019,C0038,0,2990
C0019,C0039,0,3159
C0019,C0040,0,2209
C0019,C0041,0,1975
C0019,C0042,0,1864
C0019,C0043,0,1239
C0019,C0044,0,5107
C0019,C0045,0,4795
C0019,C0046,0,5116
C0019,C0047,0,4450
C0019,C0048,0,4270
C0019,C0049,0,4933
C0019,C0050,0,4330
C0019,C0051,0,4486
C0019,C0052,0,5259
C0019,C0053,0,4625
C0019,C0054,1,1008
C0019,C0055,1,742
C0019,C0056,1,888
C0019,C0057,0,1376
C0019,C0058,0,2052
C0019,C0059,0,1814
C0019,C0060,0,2335
C0020,C0021,0,2070
C0020,C0022,0,2346
C0020,C0023,0,1865
C0020,C0024,0,2207
C0020,C0025,0,2583
C0020,C0026,0,2619
C0020,C0027,1,890
C0020,C0028,1,535
C0020,C0029,1,415
C0020,C0030,1,1492
C0020,C0031,0,1562
C0020,C0032,0,1276
C0020,C0033,1,983
C0020,C0034,0,1338
C0020,C0035,0,2680
C0020,C0036,0,2832
C0020,C0037,0,2263
C0020,C0038,0,2921
C0020,C0039,0,3071
C0020,C0040,0,2126
C0020,C0041,0,1962
C0020,C0042,0,1836
C0020,C0043,0,1223
C0020,C0044,0,5118
C0020,C0045,0,4805
C0020,C0046,0,5127
C0020,C0047,0,4464
C0020,C0048,0,4268
C0020,C0049,0,4948
C0020,C0050,0,4179
C0020,C0051,0,4324
C0020,C0052,0,5103
C0020,C0053,0,4458
C0020,C0054,1,965
C0020,C0055,1,659
C0020,C0056,1,867
C0020,C0057,0,1348
C0020,C0058,0,2053
C0020,C0059,0,1764
C0020,C0060,0,2280
C0021,C0022,1,284
C0021,C0023,1,229
C0021,C0024,1,352
C0021,C0025,1,513
C0021,C0026,1,552
C0021,C0027,0,2952
C0021,C0028,0,1756
C0021,C0029,0,2387
C0021,C0030,0,3531
C0021,C0031,0,2144
C0021,C0032,0,1595
C0021,C0033,0,1452
C0021,C0034,0,1582
C0021,C0035,0,4747
C0021,C0036,0,4855
C0021,C0037,0,4333
C0021,C0038,0,4989
C0021,C0039,0,5138
C0021,C0040,0,1794
C0021,C0041,1,932
C0021,C0042,1,1071
C0021,C0043,1,1109
C0021,C0044,0,3252
C0021,C0045,0,2954
C0021,C0046,0,3267
C0021,C0047,0,2601
C0021,C0048,0,2522
C0021,C0049,0,3062
C0021,C0050,0,4443
C0021,C0051,0,4845
C0021,C0052,0,5411
C0021,C0053,0,5111
C0021,C0054,0,1378
C0021,C0055,0,1681
C0021,C0056,0,1344
C0021,C0057,1,1136
C0021,C0058,1,783
C0021,C0059,0,1302
C0021,C0060,0,1527
C0022,C0023,1,483
C0022,C0024,1,438
C0022,C0025,1,246
C0022,C0026,1,306
C0022,C0027,0,3230
C0022,C0028,0,2040
C0022,C0029,0,2653
C0022,C0030,0,3812
C0022,C0031,0,2396
C0022,C0032,0,1859
C0022,C0033,0,1732
C0022,C0034,0,1842
C0022,C0035,0,5025
C0022,C0036,0,5116
C0022,C0037,0,4607
C0022,C0038,0,5262
C0022,C0039,0,5415
C0022,C0040,0,1983
C0022,C0041,1,1118
C0022,C0042,0,1279
C0022,C0043,0,1385
C0022,C0044,0,3067
C0022,C0045,0,2776
C0022,C0046,0,3084
C0022,C0047,0,2425
C0022,C0048,0,2384
C0022,C0049,0,2873
C0022,C0050,0,4614
C0022,C0051,0,5037
C0022,C0052,0,5576
C0022,C0053,0,5314
C0022,C0054,0,1659
C0022,C0055,0,1964
C0022,C0056,0,1628
C0022,C0057,0,1402
C0022,C0058,1,945
C0022,C0059,0,1521
C0022,C0060,0,1677
C0023,C0024,1,537
C0023,C0025,1,726
C0023,C0026,1,773
C0023,C0027,0,2751
C0023,C0028,0,1583
C0023,C0029,0,2171
C0023,C0030,0,3338
C0023,C0031,0,2071
C0023,C0032,0,1506
C0023,C0033,0,1319
C0023,C0034,0,1501
C0023,C0035,0,4545
C0023,C0036,0,4635
C0023,C0037,0,4125
C0023,C0038,0,4780
C0023,C0039,0,4936
C0023,C0040,0,1815
C0023,C0041,1,981
C0023,C0042,1,1085
C0023,C0043,1,991
C0023,C0044,0,3480
C0023,C0045,0,3180
C0023,C0046,0,3494
C0023,C0047,0,2827
C0023,C0048,0,2740
C0023,C0049,0,3290
C0023,C0050,0,4466
C0023,C0051,0,4843
C0023,C0052,0,5438
C0023,C0053,0,5097
C0023,C0054,0,1236
C0023,C0055,0,1517
C0023,C0056,1,1182
C0023,C0057,1,1048
C0023,C0058,1,864
C0023,C0059,0,1294
C0023,C0060,0,1591
C0024,C0025,1,530
C0024,C0026,1,513
C0024,C0027,0,3066
C0024,C0028,0,1823
C0024,C0029,0,2558
C0024,C0030,0,3621
C0024,C0031,0,2020
C0024,C0032,0,1514
C0024,C0033,0,1452
C0024,C0034,0,1487
C0024,C0035,0,4855
C0024,C0036,0,5029
C0024,C0037,0,4460
C0024,C0038,0,5121
C0024,C0039,0,5246
C0024,C0040,0,1551
C0024,C0041,1,691
C0024,C0042,1,865
C0024,C0043,1,1100
C0024,C0044,0,2986
C0024,C0045,0,2681
C0024,C0046,0,2999
C0024,C0047,0,2330
C0024,C0048,0,2217
C0024,C0049,0,2802
C0024,C0050,0,4176
C0024,C0051,0,4603
C0024,C0052,0,5138
C0024,C0053,0,4884
C0024,C0054,0,1395
C0024,C0055,0,1729
C0024,C0056,0,1402
C0024,C0057,1,1077
C0024,C0058,1,511
C0024,C0059,1,1112
C0024,C0060,0,1239
C0025,C0026,1,83
C0025,C0027,0,3465
C0025,C0028,0,2261
C0025,C0029,0,2896
C0025,C0030,0,4043
C0025,C0031,0,2547
C0025,C0032,0,2029
C0025,C0033,0,1932
C0025,C0034,0,2007
C0025,C0035,0,5260
C0025,C0036,0,5361
C0025,C0037,0,4846
C0025,C0038,0,5502
C0025,C0039,0,5651
C0025,C0040,0,2063
C0025,C0041,0,1215
C0025,C0042,0,1393
C0025,C0043,0,1581
C0025,C0044,0,2841
C0025,C0045,0,2554
C0025,C0046,0,2858
C0025,C0047,0,2205
C0025,C0048,0,2187
C0025,C0049,0,2645
C0025,C0050,0,4660
C0025,C0051,0,5106
C0025,C0052,0,5614
C0025,C0053,0,5394
C0025,C0054,0,1864
C0025,C0055,0,2180
C0025,C0056,0,1844
C0025,C0057,0,1581
C0025,C0058,1,1030
C0025,C0059,0,1641
C0025,C0060,0,1725
C0026,C0027,0,3497
C0026,C0028,0,2283
C0026,C0029,0,2939
C0026,C0030,0,4070
C0026,C0031,0,2532
C0026,C0032,0,2025
C0026,C0033,0,1941
C0026,C0034,0,1999
C0026,C0035,0,5292
C0026,C0036,0,5407
C0026,C0037,0,4882
C0026,C0038,0,5539
C0026,C0039,0,5683
C0026,C0040,0,2025
C0026,C0041,1,1186
C0026,C0042,0,1369
C0026,C0043,0,1590
C0026,C0044,0,2767
C0026,C0045,0,2478
C0026,C0046,0,2783
C0026,C0047,0,2128
C0026,C0048,0,2105
C0026,C0049,0,2572
C0026,C0050,0,4609
C0026,C0051,0,5061
C0026,C0052,0,5560
C0026,C0053,0,5352
C0026,C0054,0,1877
C0026,C0055,0,2199
C0026,C0056,0,1864
C0026,C0057,0,1581
C0026,C0058,1,999
C0026,C0059,0,1617
C0026,C0060,0,1678
C0027,C0028,0,1264
C0027,C0029,1,720
C0027,C0030,1,615
C0027,C0031,0,1928
C0027,C0032,0,1890
C0027,C0033,0,1707
C0027,C0034,0,1951
C0027,C0035,1,1795
C0027,C0036,1,2063
C0027,C0037,1,1397
C0027,C0038,1,2060
C0027,C0039,1,2186
C0027,C0040,0,2686
C0027,C0041,0,2734
C0027,C0042,0,2580
C0027,C0043,0,2016
C0027,C0044,0,5910
C0027,C0045,0,5597
C0027,C0046,0,5917
C0027,C0047,0,5263
C0027,C0048,0,5037
C0027,C0049,0,5748
C0027,C0050,0,4235
C0027,C0051,0,4249
C0027,C0052,0,5083
C0027,C0053,0,4310
C0027,C0054,0,1726
C0027,C0055,0,1377
C0027,C0056,0,1675
C0027,C0057,0,2111
C0027,C0058,0,2853
C0027,C0059,0,2452
C0027,C0060,0,2934
C0028,C0029,1,950
C0028,C0030,0,1798
C0028,C0031,1,1089
C0028,C0032,1,741
C0028,C0033,1,460
C0028,C0034,1,803
C0028,C0035,0,3037
C0028,C0036,0,3300
C0028,C0037,0,2659
C0028,C0038,0,3322
C0028,C0039,0,3427
C0028,C0040,0,1591
C0028,C0041,0,1476
C0028,C0042,0,1333
C0028,C0043,1,753
C0028,C0044,0,4651
C0028,C0045,0,4337
C0028,C0046,0,4658
C0028,C0047,0,4002
C0028,C0048,0,3785
C0028,C0049,0,4487
C0028,C0050,0,3756
C0028,C0051,0,3954
C0028,C0052,0,4701
C0028,C0053,0,4121
C0028,C0054,1,464
C0028,C0055,1,125
C0028,C0056,1,421
C0028,C0057,1,852
C0028,C0058,0,1590
C0028,C0059,0,1238
C0028,C0060,0,1750
C0029,C0030,1,1328
C0029,C0031,0,1941
C0029,C0032,0,1689
C0029,C0033,0,1397
C0029,C0034,0,1751
C0029,C0035,0,2424
C0029,C0036,0,2472
C0029,C0037,0,1977
C0029,C0038,0,2620
C0029,C0039,0,2809
C0029,C0040,0,2538
C0029,C0041,0,2361
C0029,C0042,0,2243
C0029,C0043,0,1623
C0029,C0044,0,5500
C0029,C0045,0,5189
C0029,C0046,0,5510
C0029,C0047,0,4844
C0029,C0048,0,4661
C0029,C0049,0,5327
C0029,C0050,0,4506
C0029,C0051,0,4613
C0029,C0052,0,5412
C0029,C0053,0,4722
C0029,C0054,0,1375
C0029,C0055,1,1074
C0029,C0056,0,1268
C0029,C0057,0,1754
C0029,C0058,0,2443
C0029,C0059,0,2177
C0029,C0060,0,2695
C0030,C0031,0,2232
C0030,C0032,0,2328
C0030,C0033,0,2210
C0030,C0034,0,2386
C0030,C0035,1,1247
C0030,C0036,1,1742
C0030,C0037,1,934
C0030,C0038,1,1577
C0030,C0039,1,1634
C0030,C0040,0,3055
C0030,C0041,0,3230
C0030,C0042,0,3062
C0030,C0043,0,2542
C0030,C0044,0,6393
C0030,C0045,0,6080
C0030,C0046,0,6398
C0030,C0047,0,5755
C0030,C0048,0,5505
C0030,C0049,0,6239
C0030,C0050,0,4220
C0030,C0051,0,4144
C0030,C0052,0,4997
C0030,C0053,0,4151
C0030,C0054,0,2245
C0030,C0055,0,1899
C0030,C0056,0,2219
C0030,C0057,0,2617
C0030,C0058,0,3365
C0030,C0059,0,2904
C0030,C0060,0,3351
C0031,C0032,1,576
C0031,C0033,1,885
C0031,C0034,1,571
C0031,C0035,0,3428
C0031,C0036,0,3947
C0031,C0037,0,3167
C0031,C0038,0,3799
C0031,C0039,0,3793
C0031,C0040,1,852
C0031,C0041,0,1377
C0031,C0042,1,1182
C0031,C0043,1,1107
C0031,C0044,0,4302
C0031,C0045,0,3996
C0031,C0046,0,4302
C0031,C0047,0,3699
C0031,C0048,0,3395
C0031,C0049,0,4170
C0031,C0050,1,2676
C0031,C0051,1,2917
C0031,C0052,0,3631
C0031,C0053,1,3119
C0031,C0054,1,981
C0031,C0055,1,1002
C0031,C0056,1,1129
C0031,C0057,1,1024
C0031,C0058,0,1562
C0031,C0059,1,940
C0031,C0060,0,1214
C0032,C0033,1,363
C0032,C0034,1,63
C0032,C0035,0,3570
C0032,C0036,0,3952
C0032,C0037,0,3244
C0032,C0038,0,3900
C0032,C0039,0,3952
C0032,C0040,1,850
C0032,C0041,1,947
C0032,C0042,1,760
C0032,C0043,1,531
C0032,C0044,0,4068
C0032,C0045,0,3755
C0032,C0046,0,4072
C0032,C0047,0,3435
C0032,C0048,0,3177
C0032,C0049,0,3917
C0032,C0050,0,3185
C0032,C0051,0,3467
C0032,C0052,0,4152
C0032,C0053,0,3682
C0032,C0054,1,446
C0032,C0055,1,620
C0032,C0056,1,606
C0032,C0057,1,460
C0032,C0058,1,1114
C0032,C0059,1,576
C0032,C0060,1,1045
C0033,C0034,1,412
C0033,C0035,0,3456
C0033,C0036,0,3755
C0033,C0037,0,3095
C0033,C0038,0,3757
C0033,C0039,0,3844
C0033,C0040,1,1178
C0033,C0041,1,1027
C0033,C0042,1,876
C0033,C0043,1,352
C0033,C0044,0,4203
C0033,C0045,0,3890
C0033,C0046,0,4210
C0033,C0047,0,3557
C0033,C0048,0,3332
C0033,C0049,0,4043
C0033,C0050,0,3537
C0033,C0051,0,3801
C0033,C0052,0,4501
C0033,C0053,0,4003
C0033,C0054,1,97
C0033,C0055,1,336
C0033,C0056,1,247
C0033,C0057,1,407
C0033,C0058,1,1155
C0033,C0059,1,782
C0033,C0060,0,1298
C0034,C0035,0,3627
C0034,C0036,0,4014
C0034,C0037,0,3303
C0034,C0038,0,3959
C0034,C0039,0,4008
C0034,C0040,1,789
C0034,C0041,1,903
C0034,C0042,1,713
C0034,C0043,1,542
C0034,C0044,0,4012
C0034,C0045,0,3700
C0034,C0046,0,4016
C0034,C0047,0,3381
C0034,C0048,0,3119
C0034,C0049,0,3863
C0034,C0050,0,3151
C0034,C0051,0,3443
C0034,C0052,0,4120
C0034,C0053,0,3663
C0034,C0054,1,489
C0034,C0055,1,681
C0034,C0056,1,650
C0034,C0057,1,453
C0034,C0058,1,1074
C0034,C0059,1,521
C0034,C0060,1,983
C0035,C0036,1,996
C0035,C0037,1,484
C0035,C0038,1,440
C0035,C0039,1,391
C0035,C0040,0,4269
C0035,C0041,0,4477
C0035,C0042,0,4308
C0035,C0043,0,3785
C0035,C0044,0,7637
C0035,C0045,0,7325
C0035,C0046,0,7642
C0035,C0047,0,7000
C0035,C0048,0,6747
C0035,C0049,0,7484
C0035,C0050,0,5049
C0035,C0051,0,4840
C0035,C0052,0,5695
C0035,C0053,0,4759
C0035,C0054,0,3489
C0035,C0055,0,3141
C0035,C0056,0,3456
C0035,C0057,0,3863
C0035,C0058,0,4611
C0035,C0059,0,4146
C0035,C0060,0,4582
C0036,C0037,1,868
C0036,C0038,1,659
C0036,C0039,1,1056
C0036,C0040,0,4740
C0036,C0041,0,4775
C0036,C0042,0,4630
C0036,C0043,0,4042
C0036,C0044,0,7946
C0036,C0045,0,7633
C0036,C0046,0,7954
C0036,C0047,0,7293
C0036,C0048,0,7085
C0036,C0049,0,7778
C0036,C0050,0,5885
C0036,C0051,0,5732
C0036,C0052,0,6591
C0036,C0053,0,5680
C0036,C0054,0,3763
C0036,C0055,0,3420
C0036,C0056,0,3690
C0036,C0057,0,4151
C0036,C0058,0,4880
C0036,C0059,0,4512
C0036,C0060,0,4996
C0037,C0038,1,663
C0037,C0039,1,843
C0037,C0040,0,3988
C0037,C0041,0,4122
C0037,C0042,0,3962
C0037,C0043,0,3412
C0037,C0044,0,7296
C0037,C0045,0,6982
C0037,C0046,0,7302
C0037,C0047,0,6652
C0037,C0048,0,6415
C0037,C0049,0,7137
C0037,C0050,0,5017
C0037,C0051,0,4867
C0037,C0052,0,5726
C0037,C0053,0,4823
C0037,C0054,0,3119
C0037,C0055,0,2770
C0037,C0056,0,3072
C0037,C0057,0,3501
C0037,C0058,0,4246
C0037,C0059,0,3817
C0037,C0060,0,4276
C0038,C0039,1,398
C0038,C0040,0,4630
C0038,C0041,0,4784
C0038,C0042,0,4623
C0038,C0043,0,4075
C0038,C0044,0,7957
C0038,C0045,0,7643
C0038,C0046,0,7963
C0038,C0047,0,7314
C0038,C0048,0,7074
C0038,C0049,0,7799
C0038,C0050,0,5488
C0038,C0051,0,5280
C0038,C0052,0,6134
C0038,C0053,0,5197
C0038,C0054,0,3782
C0038,C0055,0,3433
C0038,C0056,0,3735
C0038,C0057,0,4164
C0038,C0058,0,4909
C0038,C0059,0,4474
C0038,C0060,0,4927
C0039,C0040,0,4638
C0039,C0041,0,4863
C0039,C0042,0,4693
C0039,C0043,0,4175
C0039,C0044,0,8020
C0039,C0045,0,7707
C0039,C0046,0,8024
C0039,C0047,0,7385
C0039,C0048,0,7127
C0039,C0049,0,7868
C0039,C0050,0,5300
C0039,C0051,0,5055
C0039,C0052,0,5902
C0039,C0053,0,4949
C0039,C0054,0,3878
C0039,C0055,0,3531
C0039,C0056,0,3847
C0039,C0057,0,4251
C0039,C0058,0,4999
C0039,C0059,0,4528
C0039,C0060,0,4958
C0040,C0041,1,866
C0040,C0042,1,730
C0040,C0043,1,1136
C0040,C0044,0,3459
C0040,C0045,0,3156
C0040,C0046,0,3459
C0040,C0047,0,2869
C0040,C0048,0,2552
C0040,C0049,0,3333
C0040,C0050,1,2652
C0040,C0051,1,3055
C0040,C0052,0,3624
C0040,C0053,1,3333
C0040,C0054,0,1234
C0040,C0055,0,1470
C0040,C0056,0,1387
C0040,C0057,1,979
C0040,C0058,1,1039
C0040,C0059,1,542
C0040,C0060,1,409
C0041,C0042,1,195
C0041,C0043,1,739
C0041,C0044,0,3176
C0041,C0045,0,2863
C0041,C0046,0,3183
C0041,C0047,0,2530
C0041,C0048,0,2310
C0041,C0049,0,3015
C0041,C0050,0,3511
C0041,C0051,0,3921
C0041,C0052,0,4479
C0041,C0053,0,4196
C0041,C0054,1,1012
C0041,C0055,0,1358
C0041,C0056,1,1095
C0041,C0057,1,624
C0041,C0058,1,188
C0041,C0059,1,439
C0041,C0060,1,611
C0042,C0043,1,628
C0042,C0044,0,3334
C0042,C0045,0,3021
C0042,C0046,0,3340
C0042,C0047,0,2693
C0042,C0048,0,2457
C0042,C0049,0,3177
C0042,C0050,0,3382
C0042,C0051,0,3774
C0042,C0052,0,4353
C0042,C0053,0,4041
C0042,C0054,1,874
C0042,C0055,0,1211
C0042,C0056,1,976
C0042,C0057,1,489
C0042,C0058,1,380
C0042,C0059,1,248
C0042,C0060,1,562
C0043,C0044,0,3904
C0043,C0045,0,3590
C0043,C0046,0,3912
C0043,C0047,0,3252
C0043,C0048,0,3047
C0043,C0049,0,3737
C0043,C0050,0,3667
C0043,C0051,0,3978
C0043,C0052,0,4639
C0043,C0053,0,4203
C0043,C0054,1,298
C0043,C0055,1,644
C0043,C0056,1,356
C0043,C0057,1,160
C0043,C0058,1,838
C0043,C0059,1,631
C0043,C0060,1,1141
C0044,C0045,1,314
C0044,C0046,1,29
C0044,C0047,1,658
C0044,C0048,1,907
C0044,C0049,1,201
C0044,C0050,0,4940
C0044,C0051,0,5553
C0044,C0052,0,5648
C0044,C0053,0,5921
C0044,C0054,0,4187
C0044,C0055,0,4534
C0044,C0056,0,4256
C0044,C0057,0,3800
C0044,C0058,0,3066
C0044,C0059,0,3492
C0044,C0060,0,3090
C0045,C0046,1,322
C0045,C0047,1,353
C0045,C0048,1,609
C0045,C0049,1,192
C0045,C0050,0,4723
C0045,C0051,0,5330
C0045,C0052,0,5461
C0045,C0053,0,5694
C0045,C0054,0,3874
C0045,C0055,0,4221
C0045,C0056,0,3943
C0045,C0057,0,3486
C0045,C0058,0,2753
C0045,C0059,0,3179
C0045,C0060,0,2783
C0046,C0047,1,670
C0046,C0048,1,907
C0046,C0049,1,224
C0046,C0050,0,4925
C0046,C0051,0,5539
C0046,C0052,0,5630
C0046,C0053,0,5907
C0046,C0054,0,4195
C0046,C0055,0,4541
C0046,C0056,0,4265
C0046,C0057,0,3807
C0046,C0058,0,3074
C0046,C0059,0,3496
C0046,C0060,0,3092
C0047,C0048,1,408
C0047,C0049,1,485
C0047,C0050,0,4590
C0047,C0051,0,5184
C0047,C0052,0,5368
C0047,C0053,0,5544
C0047,C0054,0,3538
C0047,C0055,0,3886
C0047,C0056,0,3604
C0047,C0057,0,3152
C0047,C0058,0,2414
C0047,C0059,0,2860
C0047,C0060,0,2485
C0048,C0049,1,794
C0048,C0050,0,4183
C0048,C0051,0,4779
C0048,C0052,0,4960
C0048,C0053,0,5140
C0048,C0054,0,3322
C0048,C0055,0,3666
C0048,C0056,0,3402
C0048,C0057,0,2933
C0048,C0058,0,2218
C0048,C0059,0,2601
C0048,C0060,0,2186
C0049,C0050,0,4912
C0049,C0051,0,5519
C0049,C0052,0,5645
C0049,C0053,0,5885
C0049,C0054,0,4023
C0049,C0055,0,4371
C0049,C0056,0,4089
C0049,C0057,0,3637
C0049,C0058,0,2899
C0049,C0059,0,3342
C0049,C0060,0,2956
C0050,C0051,1,627
C0050,C0052,1,974
C0050,C0053,1,1001
C0050,C0054,0,3627
C0050,C0055,0,3676
C0050,C0056,0,3784
C0050,C0057,0,3534
C0050,C0058,0,3671
C0050,C0059,0,3176
C0050,C0060,0,2939
C0051,C0052,1,859
C0051,C0053,1,373
C0051,C0054,0,3895
C0051,C0055,0,3891
C0051,C0056,0,4045
C0051,C0057,0,3859
C0051,C0058,0,4093
C0051,C0059,0,3551
C0051,C0060,0,3383
C0052,C0053,1,985
C0052,C0054,0,4593
C0052,C0055,0,4627
C0052,C0056,0,4748
C0052,C0057,0,4507
C0052,C0058,0,4636
C0052,C0059,0,4150
C0052,C0060,0,3899
C0053,C0054,0,4099
C0053,C0055,0,4066
C0053,C0056,0,4244
C0053,C0057,0,4092
C0053,C0058,0,4372
C0053,C0059,0,3811
C0053,C0060,0,3678
C0054,C0055,1,349
C0054,C0056,1,160
C0054,C0057,1,389
C0054,C0058,1,1128
C0054,C0059,1,807
C0054,C0060,0,1328
C0055,C0056,1,336
C0055,C0057,1,734
C0055,C0058,0,1477
C0055,C0059,1,1113
C0055,C0060,0,1625
C0056,C0057,1,488
C0056,C0058,1,1190
C0056,C0059,1,938
C0056,C0060,0,1460
C0057,C0058,1,748
C0057,C0059,1,472
C0057,C0060,1,985
C0058,C0059,1,627
C0058,C0060,1,744
C0059,C0060,1,522
